index,Scrapbs,Screcrapbs,Scbpd,Scsatbpd,Spbpd,Spsatbpd,Scsatlearn,Spsatlearn,Spsceffective_a,Spsceffective_b,Spsceffective_c,Spsceffective_d,Scposcontr,Tscperception_a,Tscperception_b,Tscperception_c,Tscperception_d,Scparinkind,Scsizeinkind,Scparfundraise_a,Scparfundraise_b,Scparfundraise,Scmeettripartite,Scdistrapbs,Spparentsrapbs,Spinviterapbs,Tsatlearn,Pcont_u,Pcont_bar,Pcont_physical,Prap_a,Prap_b,Prap_c,Prapbs,Psatlearnknow,Pknow_scexist,Pknow_scmem,Pmtgrapbs,Pcont,Prap_d
1,,0,ya,besar,,,belum memuaskan,,,,,,ya,8,7,8,7,1,3,,,0,2,1,,0,2,,,0,0,0.333333333,0.333333333,1,2.333333333,0.666666667,1.333333333,0,,0.333333333
2,1,0,tidak,kurang,,,memuaskan,,,,,,ya,8,7,8,7,1,3,,,0,2,1,,0,3,,,0,0,0.333333333,0.666666667,1.333333333,2.666666667,0.666666667,2,0.333333333,,0.333333333
3,,0,tidak,kurang,,,belum memuaskan,,,,,,ya,9,9,9,8,0,,,,0,3,1,,0,3,,,0,0,0,0,0,0,0.333333333,0.333333333,0,,0
4,,1,ya,kurang,,,belum memuaskan,,,,,,ya,8,8,8,8,1,2,,1200000,1200000,4,1,,0,2,,,0,0.333333333,0.666666667,0.333333333,1.333333333,1.333333333,0,0,0.333333333,,0
5,0,0,ya,besar,,,belum memuaskan,,,,,,ya,8,8,8,8,0,,,,0,1,1,,0,2,,5000,1,0.333333333,0.333333333,0.333333333,1.333333333,3,0,0,0.333333333,,0.333333333
6,0,1,tidak,kurang,,,memuaskan,,,,,,ya,7,7,8,7,1,3,,,0,2,1,,0,3,,,0,0,0.666666667,1,1.666666667,2.333333333,0,0,0.666666667,,0
7,0,1,tidak,sangat besar,,,sangat memuaskan,,,,,,tidak,10,10,10,10,1,3,,0,0,3,0,,0,3,18500,,0,0,0.333333333,0.666666667,1.333333333,3,1,2,0,,0.333333333
8,0,0,ya,besar,,,memuaskan,,,,,,ya,8,8,8,7,1,3,,2500000,2500000,2,1,,0,2,,,0,0.333333333,0.333333333,0.666666667,1.333333333,1.666666667,0.666666667,0.666666667,0.333333333,,0
9,,0,ya,besar,,,memuaskan,,,,,,ya,9,8,10,8,0,,,,0,2,1,,0,2,,,0,0.333333333,0.666666667,0.333333333,1.666666667,3,0.666666667,2,0.333333333,,0.333333333
10,1,0,ya,besar,Ya,besar,memuaskan,Belum memuaskan,Ya,Ya,Ya,Ya,ya,5,6,5,4,1,3,,,0,2,1,Tidak,0,2,,,0,0,0,0,0,0,0.333333333,0.333333333,0,,0
11,,0,tidak,kurang,,,memuaskan,,,,,,ya,8,8,8,8,1,3,,,0,2,1,,0,2,,,0,0.333333333,0,0,0.333333333,0,0.333333333,0.333333333,0.666666667,,0
12,1,0,tidak,besar,,,belum memuaskan,,,,,,ya,10,10,9,10,0,,,,0,,0,,0,2,,,0,0.333333333,0.666666667,0.333333333,1.666666667,1.333333333,0,0,0,,0.333333333
13,,0,tidak,besar,,,memuaskan,,,,,,ya,6,6,6,6,0,,,,0,2,1,,0,3,,,0,0,0.333333333,0.333333333,1,3,0.666666667,0.666666667,0,,0.333333333
14,,0,tidak,besar,,,memuaskan,,,,,,ya,8,8,8,7,1,3,,10000,10000,1,0,,0,3,3000,,0,0.666666667,0.333333333,0.666666667,2,1.666666667,0.666666667,1.333333333,0.333333333,,0.333333333
15,0,1,ya,besar,,,belum memuaskan,,,,,,ya,9,8,9,8,1,3,,,0,2,1,,0,3,,,0,0.666666667,0.666666667,0.666666667,2,2,0,0,0,,0
16,,0,ya,besar,,,memuaskan,,,,,,ya,9,8,10,8,0,,,,0,1,1,,0,3,,,0,0,0.333333333,0.333333333,1,1.666666667,0.666666667,1.333333333,0.333333333,,0.333333333
17,1,1,ya,kurang,,,belum memuaskan,,,,,,ya,7,8,7,7,0,,,200000,200000,3,1,,0,3,4666.666667,,0,0.333333333,0.333333333,0,1,3,0.333333333,1,0.666666667,,0.333333333
18,,0,tidak,tidak tahu,,,sangat memuaskan,,,,,,ya,8,8,8,8,1,4,4320000,,4320000,2,1,,0,3,7500,,0,1,1,0,2,3.333333333,1,1.333333333,0,,0
19,,0,tidak,besar,,,memuaskan,,,,,,ya,9,9,9,9,0,,,,0,2,1,,0,2,500,,0,0,0.333333333,1,1.666666667,2,1,1.333333333,0.333333333,,0.333333333
20,,0,tidak,sangat kurang,Tidak,tidak tahu,memuaskan,Memuaskan,Ya,Ya,Ya,Ya,ya,10,10,9,10,0,,,,0,1,0,Ya,1,2,5500,,0,0.333333333,0.333333333,0.333333333,1.333333333,3,0,0,0,,0.333333333
21,,0,ya,kurang,,,memuaskan,,,,,,ya,7,7,6,6,0,,,,0,3,1,,0,3,,,0,0.333333333,0.666666667,0.666666667,2.333333333,2.666666667,0,0,0.666666667,,0.666666667
22,0,0,,,,,belum memuaskan,,,,,,tidak,10,9,10,7,0,,,,0,,1,,0,2,,,0,0,1,0,1,2.666666667,0.333333333,0.333333333,0,,0
23,1,1,tidak,kurang,,,belum memuaskan,,,,,,tidak,10,8,9,8,0,,,,0,2,0,,0,2,,,0,0.333333333,0.333333333,0.333333333,1.333333333,1.333333333,0,0,0,,0.333333333
24,,0,,,,,memuaskan,,,,,,ya,8,8,8,7,0,,,,0,5,1,,0,3,30000,,0,0.333333333,0,0,0.333333333,0.666666667,0,0,0,,0
25,0,0,ya,besar,,,belum memuaskan,,,,,,tidak,7,7,7,5,0,,,,0,2,0,,0,3,,,0,0.333333333,0.666666667,0,1,3,0.666666667,0.666666667,0,,0
26,,0,ya,sangat kurang,,,belum memuaskan,,,,,,ya,9,8,8,9,0,,,,0,2,1,,0,3,8000,,0,0.333333333,0.333333333,0.666666667,1.333333333,0.666666667,0.333333333,0.333333333,0.333333333,,0
27,0,0,ya,sangat besar,,,memuaskan,,,,,,ya,8,8,8,8,0,,,,0,2,0,,0,2,,,0,0.333333333,0.333333333,0.333333333,1.333333333,1,0.333333333,1.333333333,0,,0.333333333
28,,0,ya,besar,,,sangat memuaskan,,,,,,ya,7,6,7,6,0,,,50000,50000,2,1,,0,2,,,0,1,0,0,1,2.333333333,0,0,0.666666667,,0
29,,1,tidak,kurang,,,memuaskan,,,,,,ya,8,8,8,8,0,,,,0,2,0,,0,2,20000,,0,0.333333333,0,0.333333333,0.666666667,2.666666667,0.333333333,0.333333333,0.333333333,,0
30,,0,,,Tidak,kurang,memuaskan,Belum memuaskan,Ya,Ya,Ya,Ya,ya,9,9,9,9,0,,,,0,1,1,Ya,1,3,1000,,0,1,0.333333333,0.333333333,1.666666667,3,0.333333333,0.333333333,0.333333333,,0
31,,0,ya,besar,,,sangat memuaskan,,,,,,ya,5,6,5,5,0,,,,0,2,1,,0,3,3100,,0,0.333333333,0.666666667,0.333333333,1.666666667,2.666666667,0.666666667,1.333333333,0,,0.333333333
32,,0,,,,,memuaskan,,,,,,ya,10,9,9,10,0,,,75000,75000,12,1,,0,3,7500,,0,1,1,1,3,3,0.333333333,0.333333333,1,,0
33,,0,tidak,kurang,,,memuaskan,,,,,,ya,10,10,10,10,0,,,,0,2,1,,0,2,,,0,1,0.333333333,0.333333333,2,1,0.333333333,0.666666667,0.333333333,,0.333333333
34,,0,tidak,sangat kurang,,,memuaskan,,,,,,tidak,9,9,9,8,0,,,30000,30000,2,0,,0,3,25000,,0,1,0.333333333,0,1.333333333,0.666666667,1,1,0,,0
35,1,0,tidak,sangat kurang,,,memuaskan,,,,,,ya,8,8,8,7,0,,,,0,3,0,,0,3,75000,,0,0,0.333333333,0,0.333333333,1.333333333,0.666666667,1.333333333,0,,0
36,0,0,tidak,tidak tahu,,,sangat belum memuaskan,,,,,,ya,9,9,8,6,0,,,2100000,2100000,2,1,,0,3,,,0,0,1,0.666666667,1.666666667,1.666666667,0.666666667,1.333333333,0,,0
37,1,0,tidak,kurang,,,memuaskan,,,,,,ya,9,8,8,6,0,,,,0,2,1,,0,3,,,0,0,1,0.666666667,2.666666667,2.333333333,0.333333333,1.333333333,0,,1
38,,0,tidak,kurang,,,memuaskan,,,,,,ya,10,10,9,9,0,,,12000000,12000000,3,0,,0,2,43333.33333,,0,1,0.333333333,0.333333333,1.666666667,2,0.333333333,0.333333333,0.333333333,,0
39,1,1,tidak,besar,,,belum memuaskan,,,,,,ya,8,8,8,8,0,,,,0,2,1,,0,2,,,0,1,1,0.333333333,2.333333333,3,0,0,0,,0
40,0,0,tidak,kurang,Tidak,kurang,memuaskan,Belum memuaskan,Ya,Ya,Ya,Ya,ya,8,9,10,8,0,,,,0,1,1,Tidak,1,3,15000,11000,1,0.333333333,0.333333333,0.333333333,1.333333333,3.333333333,1,2.666666667,0.333333333,26000,0.333333333
41,0,0,tidak,kurang,,,belum memuaskan,,,,,,tidak,9,10,10,8,0,,,,0,5,0,,0,2,,,0,1,1,0,2,0,0.333333333,0.333333333,0.333333333,,0
42,0,0,tidak,kurang,,,memuaskan,,,,,,tidak,8,9,9,8,0,,,,0,2,0,,0,3,10000,,0,0.666666667,0,0.333333333,1,2,0.333333333,0.333333333,0.333333333,,0
43,,0,tidak,kurang,,,memuaskan,,,,,,ya,7,8,8,7,0,,,,0,2,1,,0,2,1666.666667,,0,1,1,1,4,2.666666667,0.333333333,0.333333333,0.333333333,,1
44,,0,tidak,besar,,,memuaskan,,,,,,ya,8,8,8,8,0,,,,0,2,0,,0,3,,,0,0,1,0,1,2,1,1,0,,0
45,0,1,tidak,kurang,,,memuaskan,,,,,,ya,10,10,10,1,0,,,450000,450000,3,0,,0,3,,,0,0.333333333,0,0,0.333333333,0.666666667,0,0,0,,0
46,1,0,tidak,besar,,,tidak tahu,,,,,,ya,8,7,9,8,1,3,,6000,6000,2,0,,0,2,,,0,1,0.333333333,0.333333333,1.666666667,0,0.333333333,0.666666667,0.333333333,,0
47,,0,tidak,kurang,,,belum memuaskan,,,,,,ya,10,8,9,9,0,,,,0,3,1,,0,3,1500,,0,0.666666667,0.333333333,0,1,0.666666667,0,0,0.333333333,,0
48,,0,tidak,sangat kurang,,,tidak tahu,,,,,,ya,8,10,10,9,0,,,5250000,5250000,2,0,,0,2,2000,,0,0.666666667,0.333333333,0,1,0,0,0,0,,0
49,0,0,ya,kurang,,,memuaskan,,,,,,tidak,8,8,8,8,1,2,1200000,,1200000,3,1,,0,3,20000,,0,0.333333333,0,0,0.333333333,0,0.333333333,0.333333333,0,,0
50,,0,tidak,sangat kurang,Tidak,besar,memuaskan,Memuaskan,Ya,Ya,Ya,Ya,ya,8,9,8,8,0,,,38000000,38000000,2,0,Ya,0,2,,,0,1,1,0.333333333,2.666666667,2.666666667,1,2,0.333333333,,0.333333333
51,,0,tidak,besar,,,belum memuaskan,,,,,,tidak,10,10,10,8,0,,,20000,20000,1,1,,0,2,20000,,0,1,0.666666667,0,1.666666667,1.666666667,0,0,0,,0
52,,0,tidak,tidak tahu,,,memuaskan,,,,,,ya,9,8,9,8,0,,,,0,2,0,,0,2,666.6666667,,0,1,1,0.666666667,3,2.666666667,1,2.333333333,0.666666667,,0.333333333
53,,0,,,Tidak,besar,memuaskan,Belum memuaskan,Ya,Ya,Ya,Ya,ya,10,10,10,9,0,,,70000,70000,1,1,Ya,1,3,280000,,0,1,0.666666667,0.666666667,2.333333333,2.666666667,1,1,0,,0
54,0,0,tidak,kurang,Tidak,sangat kurang,memuaskan,Belum memuaskan,Kurang,Kurang,Ya,Ya,ya,9,10,10,9,0,,,,0,5,0,Tidak,0,2,,,0,0.666666667,0.666666667,0.666666667,2,2.666666667,0.666666667,0.666666667,0.333333333,,0
55,0,0,tidak,kurang,Tidak,besar,memuaskan,Memuaskan,Ya,Ya,Ya,Ya,ya,8,7,8,7,1,3,,,0,3,1,Ya,1,3,,,0,0.333333333,0.333333333,0,0.666666667,2,0,0,0.666666667,,0
56,0,0,tidak,sangat kurang,Tidak,kurang,belum memuaskan,Belum memuaskan,Ya,Ya,Ya,Ya,ya,9,9,9,9,0,,,,0,2,0,Tidak,1,2,,,0,0.333333333,0.333333333,0.333333333,1,1,0,0,0,,0
57,0,1,tidak,kurang,Ya,besar,memuaskan,Memuaskan,Ya,Ya,Ya,Ya,tidak,10,10,10,8,0,,,50000,50000,2,1,Tidak berlaku,1,3,50000,,0,0.666666667,0.333333333,0.666666667,2,2.666666667,0.333333333,0.666666667,0.666666667,,0.333333333
58,,0,tidak,besar,Ya,besar,memuaskan,Memuaskan,Ya,Ya,Ya,Ya,ya,9,8,8,8,0,,,,0,1,1,Ya,1,3,,,0,0,1,0.333333333,1.666666667,2.666666667,0.333333333,1,0.333333333,,0.333333333
59,0,0,tidak,kurang,Tidak,tidak tahu,memuaskan,Memuaskan,,,,,ya,10,10,10,8,0,,,0,0,3,1,Ya,0,3,175000,,0,0.666666667,0.666666667,1,3,1.666666667,0.666666667,2.333333333,0.333333333,,0.666666667
60,0,0,tidak,sangat kurang,Tidak,tidak tahu,belum memuaskan,Belum memuaskan,Ya,Ya,Ya,Ya,ya,9,8,9,8,1,3,,,0,3,0,Tidak,1,2,,,0,0.666666667,0.666666667,0.333333333,1.666666667,2,0.666666667,1.666666667,0.666666667,,0
61,,0,tidak,besar,Tidak,besar,memuaskan,Memuaskan,Ya,Ya,Ya,Ya,ya,8,7,7,6,1,3,,,0,1,1,Ya,1,3,,,0,1,0,0,1,0,0,0,0,,0
62,,0,tidak,besar,Tidak,tidak tahu,memuaskan,Belum memuaskan,Kurang,Ya,Ya,Ya,ya,10,10,10,9,1,2,,,0,2,1,Ya,1,3,,,0,1,1,1,4,3,0.666666667,1.333333333,0,,1
63,1,0,ya,kurang,Tidak,kurang,memuaskan,Memuaskan,Kurang,Kurang,Tidak,Tidak,ya,6,6,6,5,1,3,,,0,3,1,Ya,0,3,,8333.333333,1,0,1,1,2,1.666666667,0,0,0.333333333,,0
64,,0,tidak,kurang,Ya,kurang,memuaskan,Memuaskan,Ya,Ya,Ya,Ya,ya,9,8,9,6,1,3,,400000,400000,2,1,Tidak,1,2,,,0,0.333333333,0.333333333,0.333333333,1,2,0.666666667,0.666666667,0.666666667,,0
65,0,0,tidak,besar,Tidak,tidak tahu,memuaskan,Belum memuaskan,Kurang,Ya,Ya,Ya,ya,9,9,10,8,0,,,,0,3,1,Tidak,0,3,,,0,1,0,0.666666667,2.333333333,0.666666667,0.333333333,0.333333333,0,,0.666666667
66,0,1,tidak,besar,Tidak,sangat kurang,memuaskan,Belum memuaskan,Ya,Ya,Ya,Ya,ya,8,8,8,7,0,,,,0,3,1,Ya,0,3,,,0,0.333333333,0.333333333,0.333333333,1.333333333,1.666666667,0.333333333,0.666666667,0.333333333,,0.333333333
67,0,0,ya,besar,Tidak,besar,memuaskan,Memuaskan,Ya,Ya,Ya,Ya,ya,9,9,9,9,0,,,,0,6,0,Ya,0,3,,,0,0.666666667,0.666666667,0.666666667,2.666666667,1.666666667,0.666666667,2.333333333,0.666666667,,0.666666667
68,0,0,ya,kurang,Ya,besar,memuaskan,Memuaskan,Ya,Ya,Ya,Ya,ya,7,9,9,7,0,,,,0,2,0,Tidak,0,2,,,0,0,0.333333333,0,0.333333333,2,0.666666667,1.333333333,0,,0
69,0,1,tidak,besar,Tidak,kurang,memuaskan,Belum memuaskan,Ya,Kurang,Kurang,Kurang,ya,8,7,8,8,0,,,,0,3,1,Ya,1,2,2000,,0,1,1,1,3.666666667,3,0.333333333,1,0,,0.666666667
70,,0,tidak,kurang,Tidak,besar,tidak tahu,Memuaskan,Kurang,Tidak,Kurang,Kurang,ya,6,6,6,6,0,,,10000,10000,2,0,Tidak,1,2,,,0,1,0.666666667,0,1.666666667,2.666666667,0.333333333,0.333333333,0,,0
71,,1,tidak,besar,Ya,besar,memuaskan,Memuaskan,Ya,Ya,Ya,Ya,ya,7,7,7,7,0,,,,0,1,1,Ya,1,3,,5000,1,1,1,1,4,3,0.666666667,2,0,,1
72,,0,tidak,kurang,Tidak,sangat kurang,belum memuaskan,Belum memuaskan,Kurang,Kurang,Ya,Ya,ya,8,9,7,7,0,,,3600000,3600000,3,0,Tidak,1,3,20000,,0,1,0,0.666666667,1.666666667,1.333333333,0,0,0,,0
73,,0,tidak,sangat kurang,Tidak,kurang,memuaskan,Memuaskan,Ya,Ya,Ya,Ya,ya,8,8,8,9,0,,,,0,2,0,Ya,1,3,,,0,0.333333333,0.666666667,0.666666667,2,0.666666667,0.333333333,0.333333333,0,,0.333333333
74,,0,tidak,kurang,Tidak,besar,memuaskan,Memuaskan,Ya,Ya,Ya,Ya,tidak,7,8,8,8,0,,,,0,2,0,Ya,0,3,,,0,0.666666667,0.666666667,0.333333333,2,3,0.666666667,1,0.333333333,,0.333333333
75,0,1,ya,besar,Ya,kurang,memuaskan,Memuaskan,Ya,Ya,Ya,Ya,tidak,8,9,9,7,0,,,,0,2,1,Ya,1,3,7250,,0,1,1,0.333333333,2.333333333,3,0.666666667,0.666666667,0,,0
76,,0,tidak,besar,Ya,besar,memuaskan,Belum memuaskan,Ya,Ya,Ya,Ya,ya,8,8,8,8,0,,,,0,3,0,Tidak,1,2,,,0,1,1,0.666666667,3,1,0.333333333,1,1,,0.333333333
77,0,0,tidak,kurang,Tidak,besar,memuaskan,Belum memuaskan,Kurang,Ya,Ya,Ya,ya,8,9,8,8,0,,,10000000,10000000,1,1,Ya,1,2,,,0,0,1,1,2.333333333,2.666666667,0.666666667,2.666666667,1,,0.333333333
78,,0,tidak,besar,Tidak,kurang,belum memuaskan,Memuaskan,Ya,Ya,Ya,Ya,ya,10,10,10,8,0,,,,0,4,1,Ya,1,2,,,0,0,0.666666667,0.666666667,2,1.666666667,1,1,0.666666667,,0.666666667
79,0,0,tidak,besar,Tidak,kurang,memuaskan,Memuaskan,Ya,Ya,Ya,Ya,tidak,8,8,8,8,0,,,,0,1,1,Tidak,0,3,21666.66667,,0,1,0,0,1,2.333333333,0,0,0,,0
80,0,0,tidak,sangat kurang,Tidak,kurang,sangat belum memuaskan,Memuaskan,Kurang,Ya,Ya,Ya,tidak,8,8,8,8,0,,,2500,2500,1,0,Tidak,1,3,,,0,0.333333333,0.333333333,0,0.666666667,3,1,1,0,,0
81,,0,tidak,kurang,Tidak,besar,belum memuaskan,Belum memuaskan,Ya,Ya,Ya,Ya,tidak,8,9,8,8,1,2,,,0,2,1,Ya,1,2,,,0,1,1,0.666666667,3.333333333,1.333333333,1,1,0.333333333,,0.666666667
82,1,0,tidak,besar,Tidak,besar,memuaskan,Memuaskan,Ya,Ya,Ya,Ya,ya,10,10,10,8,0,,,50000,50000,4,1,Ya,1,3,50000,,0,1,0,0,1,3,0.333333333,0.333333333,0.333333333,,0
83,,0,tidak,kurang,Tidak,tidak tahu,tidak tahu,Belum memuaskan,Ya,Ya,Ya,Ya,ya,9,9,9,9,0,,,,0,2,0,Tidak,0,2,,,0,0.666666667,0.666666667,0,1.333333333,0,0,0,0,,0
84,,0,tidak,besar,Tidak,besar,memuaskan,Memuaskan,Ya,Ya,Ya,Ya,ya,9,9,8,9,0,,,31500,31500,3,0,Ya,1,2,5500,,0,0.666666667,1,0.666666667,2.333333333,3.333333333,0,0,0.333333333,,0
85,,0,tidak,kurang,Ya,kurang,memuaskan,Belum memuaskan,Ya,Ya,Ya,Ya,tidak,8,7,7,6,0,,,,0,4,0,Tidak,0,2,,,0,1,0,0,1,2,0,0,0.333333333,,0
86,1,0,ya,sangat besar,Tidak,kurang,belum memuaskan,Belum memuaskan,Kurang,Ya,Ya,Ya,ya,9,9,8,6,1,3,,,0,5,1,Tidak,1,2,1000,,0,0,0.333333333,0.333333333,1,2,0,0,0.333333333,,0.333333333
87,0,0,tidak,besar,Ya,besar,belum memuaskan,Memuaskan,Kurang,Kurang,Kurang,Kurang,ya,8,9,10,6,1,3,,15000,15000,4,1,Tidak,1,2,2000,2800,1,0.666666667,0,0.333333333,1.333333333,1,0.333333333,0.333333333,0,4800,0.333333333
88,,0,tidak,kurang,Tidak,kurang,memuaskan,Belum memuaskan,Ya,Ya,Ya,Ya,ya,10,10,9,8,0,,,,0,2,1,Ya,1,2,,,0,0,1,1,2.666666667,1,1,2,0.333333333,,0.666666667
89,,0,tidak,kurang,Tidak,kurang,memuaskan,Belum memuaskan,Ya,Ya,Ya,Ya,tidak,8,9,9,5,0,,,,0,3,1,Ya,1,2,,,0,0,1,0,1,2.666666667,0.333333333,0.333333333,0,,0
90,,0,,,Tidak,besar,memuaskan,Belum memuaskan,Ya,Ya,Kurang,Kurang,ya,7,7,7,7,0,,,,0,12,1,Tidak,1,3,30000,,0,0.666666667,0.333333333,0.333333333,1.333333333,0,0.333333333,0.333333333,0,,0
91,0,1,tidak,sangat kurang,Tidak,sangat kurang,memuaskan,Memuaskan,Ya,Ya,Ya,Ya,ya,7,7,7,7,0,,,,0,3,0,Tidak,0,3,,,0,1,0.666666667,0.333333333,2,0,0,0,0,,0
92,,0,tidak,kurang,Tidak,kurang,memuaskan,Memuaskan,Ya,Ya,Ya,Ya,ya,9,7,8,8,1,4,,30000,30000,2,1,Ya,1,2,,,0,0,0,0,0,0,0,0,0,,0
93,,0,tidak,sangat kurang,Tidak,tidak tahu,belum memuaskan,Memuaskan,Ya,Ya,Ya,Ya,ya,8,9,9,8,0,,,,0,3,1,Ya,1,3,,,0,1,0.333333333,0,1.333333333,0,0,0,0.333333333,,0
94,,0,tidak,kurang,Tidak,tidak tahu,memuaskan,Sangat belum memuaskan,Tidak,Ya,Tidak Tahu,Ya,ya,8,8,8,9,0,,,,0,2,1,Ya,1,2,,,0,0,1,1,2.666666667,2,0.333333333,0.666666667,0.666666667,,0.666666667
95,,0,tidak,tidak tahu,Tidak,sangat kurang,memuaskan,Belum memuaskan,Ya,Kurang,Ya,Ya,ya,8,7,7,8,0,,,,0,3,0,Ya,0,2,,,0,0,1,0.333333333,1.333333333,0,0,0,0.333333333,,0
96,0,1,tidak,besar,Tidak,tidak tahu,memuaskan,Memuaskan,Ya,Ya,Ya,Ya,ya,7,7,7,7,0,,,,0,1,1,Ya,0,2,0,,0,1,1,1,4,1,0.666666667,2,1,,1
97,,0,tidak,kurang,Tidak,kurang,belum memuaskan,Belum memuaskan,,,,,ya,8,8,8,8,0,,,,0,2,0,Tidak,0,3,,,0,0,0.333333333,0.666666667,1,1,0.666666667,1.666666667,0,,0
98,,0,tidak,besar,Tidak,kurang,memuaskan,Memuaskan,Ya,Ya,Ya,Ya,tidak,7,8,9,7,0,,,,0,1,1,Tidak,1,3,,,0,1,0.333333333,0.666666667,2.333333333,1.666666667,0.666666667,1.666666667,0.333333333,,0.333333333
99,0,0,tidak,kurang,Tidak,besar,belum memuaskan,Belum memuaskan,,,,,ya,7,8,9,9,0,,,,0,2,1,Ya,0,2,,,0,0.666666667,0.666666667,0.666666667,2,2.333333333,0.333333333,1,0,,0
100,,0,ya,kurang,Tidak,kurang,tidak tahu,Belum memuaskan,Ya,Ya,Ya,Ya,tidak,7,8,7,6,0,,,,0,1,1,Tidak,1,2,,,0,0,0.333333333,0.333333333,0.666666667,1.666666667,0,0,0,,0
101,,0,tidak,kurang,Tidak,tidak tahu,tidak tahu,Belum memuaskan,Ya,Ya,Ya,Ya,ya,8,8,8,8,0,,,,0,4,0,Tidak,0,2,,,0,0,0,0,0,1.333333333,0,0,0,,0
102,,0,tidak,besar,Tidak,besar,memuaskan,Belum memuaskan,Ya,Ya,Ya,Ya,ya,8,7,7,7,0,,,,0,2,1,Tidak,1,2,,,0,0,0,0,0,3,0.333333333,0.666666667,0,,0
103,,0,tidak,kurang,Tidak,besar,memuaskan,Belum memuaskan,,,,,ya,7,7,7,7,0,,,,0,1,0,Ya,0,3,,,0,0.333333333,0.666666667,0,1,2,0,0,0,,0
104,,0,ya,besar,Tidak,kurang,tidak tahu,Memuaskan,Ya,Ya,Ya,Ya,ya,8,8,8,8,0,,,,0,1,0,Tidak,1,2,,,0,0.333333333,1,0.333333333,2,0.666666667,0.666666667,1,0.333333333,,0.333333333
105,0,0,tidak,kurang,Tidak,sangat kurang,belum memuaskan,Memuaskan,Ya,Ya,Ya,Ya,ya,9,8,9,9,0,,,,0,1,1,Tidak,1,3,5000,,0,0.333333333,0,0.666666667,1,1,0.333333333,0.333333333,0,,0
106,0,0,ya,besar,Ya,kurang,memuaskan,Belum memuaskan,Ya,Ya,Ya,Ya,ya,8,8,8,8,0,,,,0,3,1,Ya,0,3,,,0,0,0,0,0,1.666666667,0.333333333,0.333333333,0.333333333,,0
107,0,1,ya,besar,Tidak,kurang,memuaskan,Memuaskan,Ya,Ya,Ya,Ya,ya,10,10,10,10,0,,,,0,2,1,Ya,1,2,,,0,0,0.333333333,0,0.333333333,1.666666667,0,0,0,,0
108,,0,tidak,kurang,Tidak,kurang,memuaskan,Belum memuaskan,Ya,Ya,Ya,Ya,ya,8,8,8,8,0,,,,0,2,0,Ya,0,2,,,0,0.666666667,1,0.666666667,2.333333333,0,0,0,0.333333333,,0
109,,0,tidak,besar,Tidak,tidak tahu,memuaskan,Belum memuaskan,Ya,Ya,Ya,Ya,ya,7,8,9,7,1,2,,,0,2,0,Tidak,1,3,,,0,0.333333333,0.333333333,0,0.666666667,2.666666667,0,0,0,,0
110,0,0,tidak,kurang,Tidak,kurang,memuaskan,Memuaskan,Ya,Ya,Ya,Ya,ya,7,8,9,9,1,3,,,0,1,1,Ya,1,2,,,0,0.333333333,1,0,1.333333333,1,1,1.333333333,0,,0
111,,0,tidak,kurang,Tidak,kurang,memuaskan,Memuaskan,Ya,Ya,Ya,Ya,ya,7,8,7,6,0,,,,0,1,0,Tidak,1,2,,,0,0.333333333,0,0,0.333333333,1,0,0,0,,0
112,,0,tidak,kurang,Tidak,sangat kurang,tidak tahu,Belum memuaskan,Kurang,Ya,Ya,Ya,ya,8,9,10,10,0,,,,0,2,1,Tidak,1,3,,,0,0,1,0,1,0,0.333333333,0.333333333,0.333333333,,0
113,1,0,ya,besar,Ya,besar,memuaskan,Memuaskan,Ya,Ya,Ya,Ya,ya,8,8,9,9,0,,,10000,10000,2,1,Ya,1,3,,,0,0,0,0.333333333,0.666666667,2,1,1,0.333333333,,0.333333333
114,1,1,ya,besar,Ya,besar,belum memuaskan,Memuaskan,Ya,Ya,Ya,Ya,ya,8,8,10,10,1,2,,,0,3,1,Ya,0,3,,,0,0.333333333,0.333333333,0,0.666666667,1.333333333,0.333333333,0.333333333,0,,0
115,,0,tidak,kurang,Tidak,kurang,memuaskan,Belum memuaskan,Ya,Ya,Ya,Ya,tidak,7,7,7,7,0,,,,0,1,1,Ya,0,3,5000,,0,1,1,1,4,2.666666667,0.666666667,1.333333333,0,,1
116,0,0,tidak,kurang,Ya,besar,belum memuaskan,Memuaskan,Ya,Ya,Ya,Ya,ya,10,10,10,7,0,,,,0,,1,Ya,1,3,,,0,1,1,1,4,2.333333333,0.333333333,0.666666667,0,,1
117,,0,tidak,sangat kurang,Tidak,sangat kurang,memuaskan,Memuaskan,Ya,Ya,Ya,Ya,ya,8,8,8,8,0,,,,0,1,1,Ya,1,3,,,0,1,1,1,4,2.333333333,0.333333333,0.333333333,0,,1
118,0,0,tidak,kurang,Ya,besar,memuaskan,Memuaskan,,,,,ya,8,8,8,8,0,,,,0,2,1,Tidak,0,3,,,0,0.333333333,0.333333333,0.333333333,1.333333333,3,0.333333333,1,0,,0.333333333
119,,0,tidak,sangat kurang,,,memuaskan,Belum memuaskan,Ya,Ya,Ya,Ya,ya,9,9,9,8,0,,,50000,50000,2,1,Ya,1,3,,,0,1,1,1,4,2.333333333,0,0,0,,1
120,1,0,ya,besar,Tidak,besar,sangat memuaskan,Memuaskan,Ya,Ya,Ya,Ya,tidak,8,9,9,9,0,,,,0,2,1,Tidak,1,2,,,0,0,0,0,0,0,0.333333333,0.333333333,0.333333333,,0
121,,1,tidak,besar,Tidak,kurang,memuaskan,Memuaskan,Ya,Ya,Ya,Ya,ya,8,8,9,8,0,,,,0,3,1,Ya,1,3,,,0,1,1,1,4,2.666666667,0.333333333,0.333333333,0,,1
122,,0,tidak,kurang,Ya,sangat kurang,memuaskan,Memuaskan,Ya,Ya,Ya,Ya,ya,10,10,10,9,0,,,,0,2,1,Ya,1,2,,,0,0,0.333333333,0.333333333,0.666666667,2,0.333333333,0.333333333,0.333333333,,0
123,,0,tidak,besar,Tidak,kurang,memuaskan,Memuaskan,Kurang,Kurang,Ya,Ya,ya,8,8,8,8,0,,,,0,2,1,Ya,1,2,,,0,0,0.333333333,0.666666667,1,1,0.333333333,0.666666667,0.333333333,,0
124,,0,tidak,kurang,Tidak,kurang,memuaskan,Belum memuaskan,Ya,Ya,Ya,Ya,tidak,6,6,7,6,0,,,250000,250000,2,1,Tidak,1,1,,,0,0,0.333333333,0,0.333333333,1,0.333333333,0.333333333,0,,0
125,,0,tidak,sangat kurang,Tidak,kurang,memuaskan,Memuaskan,Ya,Ya,Ya,Ya,ya,7,7,7,7,0,,,3000000,3000000,3,1,Tidak,0,2,7500,,0,0.666666667,0,0,1,1.333333333,0.333333333,0.333333333,0.333333333,,0.333333333
126,1,1,tidak,kurang,Tidak,sangat kurang,memuaskan,Memuaskan,Ya,Ya,Ya,Ya,ya,9,9,9,9,0,,,2500000,2500000,2,1,Ya,1,2,,,0,0.666666667,0.333333333,0.333333333,1.333333333,2,0.666666667,1.333333333,0,,0
127,,0,tidak,besar,Tidak,sangat kurang,memuaskan,Memuaskan,Ya,Ya,Ya,Ya,ya,8,8,8,8,0,,1865000,,1865000,2,0,Ya,1,3,,,0,0.666666667,0.333333333,0.333333333,1.666666667,1.666666667,0.333333333,1,0.666666667,,0.333333333
128,,0,tidak,kurang,Tidak,besar,belum memuaskan,Memuaskan,Ya,Ya,Ya,Ya,tidak,7,8,8,8,0,,,,0,1,0,Ya,1,2,,,0,0.333333333,0.666666667,0.666666667,1.666666667,0,0.333333333,0.666666667,0.333333333,,0
129,0,0,tidak,sangat kurang,Tidak,kurang,belum memuaskan,Belum memuaskan,Ya,Ya,Ya,Ya,ya,9,8,10,9,0,,,,0,2,1,Tidak,1,2,4000,,0,0.666666667,0.666666667,1,2.666666667,2.666666667,0,0,0.333333333,,0.333333333
130,1,1,ya,besar,Ya,besar,memuaskan,Memuaskan,Ya,Ya,Ya,Ya,ya,7,8,8,7,0,,,,0,2,1,Ya,1,3,2000,,0,0,0,0,0,3,0.666666667,0.666666667,0,,0
131,,0,tidak,kurang,Tidak,kurang,memuaskan,Memuaskan,Ya,Ya,Ya,Ya,tidak,6,6,7,5,1,3,,1350000,1350000,1,0,Tidak,0,3,500,1000,1,1,0.666666667,0.666666667,2.666666667,3.333333333,0,0,0.333333333,1500,0.333333333
132,,0,tidak,sangat kurang,Tidak,kurang,memuaskan,Belum memuaskan,Ya,Kurang,Ya,Ya,ya,10,10,10,10,0,,,7500000,7500000,4,1,Ya,1,2,,,0,0.333333333,0,0,0.333333333,0,0,0,0,,0
133,,0,tidak,kurang,Tidak,kurang,memuaskan,Belum memuaskan,Ya,Ya,Ya,Ya,ya,6,6,7,6,0,,10000,,10000,2,1,Ya,0,3,,,0,0.333333333,0.666666667,0.333333333,1.333333333,3,0.333333333,0.666666667,0.333333333,,0
134,1,0,,,Tidak,besar,belum memuaskan,Belum memuaskan,Kurang,Ya,Ya,Ya,ya,9,9,9,9,0,,,,0,1,1,Ya,1,2,,,0,0.666666667,1,1,3.666666667,2.666666667,0.333333333,1,0.333333333,,1
135,,0,ya,besar,Tidak,besar,memuaskan,Memuaskan,Ya,Ya,Ya,Ya,ya,6,7,7,5,0,,,,0,3,0,Ya,0,3,,,0,0,0,0,0,3,0.333333333,0.333333333,0,,0
136,,0,tidak,sangat besar,,,memuaskan,Memuaskan,Ya,Kurang,Ya,Ya,ya,9,9,9,7,0,,4000000,,4000000,2,0,Tidak,1,3,1000,,0,0,0,0,0,2.666666667,0.333333333,1.333333333,0,,0
137,,0,tidak,kurang,Tidak,kurang,memuaskan,Sangat belum memuaskan,Kurang,Kurang,Ya,Ya,tidak,8,8,8,8,0,,,,0,,0,Ya,0,2,,,0,1,1,1,3.666666667,1.666666667,0.333333333,0.666666667,0,,0.666666667
138,,0,tidak,besar,Tidak,kurang,memuaskan,Belum memuaskan,Ya,Ya,Ya,Ya,ya,8,8,8,8,0,,,,0,4,1,Ya,1,3,,,0,0,0.333333333,0.333333333,0.666666667,1.666666667,0,0,0,,0
139,,0,tidak,kurang,Tidak,sangat kurang,belum memuaskan,Belum memuaskan,Ya,Ya,Ya,Ya,ya,7,7,7,7,0,,,,0,4,1,Ya,1,3,,,0,0.666666667,0.666666667,0.666666667,2.666666667,3,0.666666667,2,0,,0.666666667
140,,0,tidak,besar,Tidak,besar,memuaskan,Memuaskan,Ya,Ya,Ya,Ya,ya,7,7,7,6,0,,,,0,2,1,Tidak,1,3,,,0,0.666666667,0,0,0.666666667,2,0.333333333,1,0,,0
141,,0,tidak,kurang,Tidak,tidak tahu,memuaskan,Memuaskan,Ya,Ya,Ya,Ya,tidak,9,8,8,6,0,,,20000,20000,2,1,Ya,1,3,30000,,0,0.666666667,0.333333333,0.333333333,1.666666667,2,0.333333333,0.666666667,0.333333333,,0.333333333
142,1,0,ya,besar,Tidak,besar,tidak tahu,Belum memuaskan,Ya,Ya,Ya,Ya,ya,8,8,8,8,0,,,,0,1,1,Ya,0,3,,,0,0.666666667,0,0.333333333,1.333333333,3,0.666666667,1.666666667,0,,0.333333333
143,,0,tidak,sangat kurang,Tidak,kurang,memuaskan,Belum memuaskan,Kurang,Ya,Ya,Ya,ya,9,9,9,7,0,,,,0,2,0,Tidak,0,2,,,0,0,0,0,0,2.333333333,0,0,0,,0
144,0,0,tidak,tidak tahu,Tidak,besar,memuaskan,Memuaskan,Ya,Ya,Ya,Ya,ya,7,7,8,5,0,,,,0,1,1,Tidak,0,2,,,0,0.333333333,0.333333333,0.333333333,1,2,0.333333333,1,0.333333333,,0
145,,0,tidak,tidak tahu,Tidak,tidak tahu,memuaskan,Belum memuaskan,Ya,Ya,Ya,Ya,ya,8,8,8,9,0,,,,0,2,0,Tidak,0,2,,,0,0.333333333,0.333333333,0.333333333,1.333333333,2.333333333,0.333333333,0.666666667,0,,0.333333333
146,0,0,ya,besar,Ya,besar,belum memuaskan,Memuaskan,Ya,Ya,Ya,Ya,ya,8,7,8,8,0,,,3000,3000,4,1,Ya,1,2,30000,,0,0.666666667,0.333333333,0.333333333,1.666666667,3,0.333333333,0.333333333,0.333333333,,0.333333333
147,0,0,tidak,kurang,Tidak,kurang,belum memuaskan,Memuaskan,Ya,Ya,Ya,Ya,ya,10,10,10,10,0,,,,0,2,1,Ya,1,2,15000,,0,0.333333333,0.666666667,0.666666667,2,2.333333333,0.666666667,1,0.333333333,,0.333333333
148,,0,tidak,kurang,Ya,besar,memuaskan,Memuaskan,Ya,Ya,Ya,Ya,ya,8,8,8,8,0,,,,0,2,1,Ya,0,3,,,0,0,0.333333333,0,0.333333333,3,1,2.333333333,0,,0
149,0,1,tidak,besar,Tidak,kurang,belum memuaskan,Belum memuaskan,Kurang,Ya,Kurang,Kurang,ya,8,8,8,8,0,,,,0,1,1,Ya,0,3,2000,,0,0,0.333333333,0.333333333,1,1.333333333,0.666666667,0.666666667,0,,0.333333333
150,,0,ya,besar,Tidak,kurang,memuaskan,Memuaskan,Kurang,Ya,Ya,Ya,ya,8,8,8,7,0,,,,0,1,1,Tidak berlaku,1,3,10000,,0,0.333333333,0.333333333,0.333333333,1.333333333,2.666666667,0.666666667,1.333333333,0.333333333,,0.333333333
151,,1,tidak,sangat besar,Tidak,kurang,belum memuaskan,Belum memuaskan,Ya,Ya,Ya,Ya,ya,7,7,8,6,0,,,,0,3,0,Ya,0,2,500,,0,0,0.333333333,0,0.333333333,1.333333333,0.666666667,2,0.333333333,,0
152,,0,tidak,kurang,Tidak,sangat kurang,belum memuaskan,Belum memuaskan,Ya,Ya,Ya,Ya,ya,9,9,9,9,0,,,,0,2,0,Tidak,0,2,,,0,0,0,0,0,2,0.666666667,0.666666667,0,,0
153,,0,tidak,kurang,Tidak,kurang,belum memuaskan,Belum memuaskan,Ya,Ya,Ya,Ya,ya,7,6,6,5,0,,,25000,25000,1,1,Ya,0,2,1000,,0,1,0.666666667,0.666666667,2.333333333,3,0,0,0,,0
154,,0,tidak,kurang,Tidak,kurang,belum memuaskan,Memuaskan,Ya,Ya,Ya,Ya,ya,9,8,8,8,0,,,,0,1,0,Tidak,1,2,,,0,0.333333333,0,0,0.333333333,1,0.333333333,0.666666667,0,,0
155,,0,tidak,tidak tahu,Tidak,besar,memuaskan,Belum memuaskan,Ya,Ya,Ya,Ya,ya,6,6,6,6,0,,,,0,,1,Tidak,1,3,1000,,0,0,0,0.333333333,0.666666667,2.666666667,0.666666667,1,0.666666667,,0.333333333
156,0,0,tidak,besar,Tidak,besar,memuaskan,Memuaskan,Ya,Kurang,Ya,Ya,ya,10,10,10,9,0,,,,0,2,0,Ya,1,3,,,0,0,0.666666667,0.666666667,1.666666667,2.333333333,0.333333333,0.666666667,0.333333333,,0.333333333
157,,0,ya,besar,Tidak,besar,memuaskan,Memuaskan,,,,,ya,8,9,8,8,0,,,,0,2,0,Ya,0,3,,,0,0.333333333,0.333333333,0.333333333,1,1,0.333333333,1.333333333,0.333333333,,0
158,0,0,tidak,besar,Ya,besar,memuaskan,Memuaskan,Ya,Ya,Ya,Ya,ya,7,6,6,7,0,,,,0,2,0,Ya,1,2,500,,0,0,0.333333333,0.666666667,1.333333333,3,0.666666667,1.666666667,0.333333333,,0.333333333
159,,0,tidak,besar,Tidak,kurang,memuaskan,Belum memuaskan,Kurang,Kurang,Kurang,Ya,ya,10,10,9,8,0,,,,0,2,1,Tidak,1,3,2000,,0,0.666666667,0.333333333,0.666666667,2,3,1,3.333333333,0.666666667,,0.333333333
160,,1,tidak,besar,Ya,besar,memuaskan,Memuaskan,Kurang,Kurang,Kurang,Kurang,ya,7,7,7,6,0,,,,0,4,1,Tidak,1,2,1000,,0,0.333333333,0.666666667,0.333333333,1.333333333,2.666666667,0.666666667,0.666666667,0.333333333,,0
161,,0,ya,besar,Tidak,kurang,memuaskan,Belum memuaskan,Kurang,Ya,Ya,Ya,ya,8,9,10,6,0,,,,0,3,1,Ya,1,2,15000,,0,0.666666667,0.333333333,0.666666667,2,1.333333333,0,0,0.333333333,,0.333333333
162,,0,tidak,kurang,Tidak,sangat kurang,belum memuaskan,Belum memuaskan,Ya,Ya,Ya,Ya,ya,7,7,7,7,0,,,,0,1,0,Tidak berlaku,0,1,,,0,0.666666667,0.333333333,0,1,1.333333333,0,0,0,,0
163,0,0,tidak,tidak tahu,Ya,besar,memuaskan,Memuaskan,Ya,Ya,Ya,Ya,ya,7,7,10,10,0,,,50000,50000,3,1,Ya,1,3,50000,,0,0.333333333,0,0,0.333333333,1.666666667,0,0,0.333333333,,0
164,,0,ya,besar,Tidak,kurang,memuaskan,Belum memuaskan,Ya,Ya,Ya,Ya,ya,8,8,8,8,0,,,,0,3,1,Ya,1,2,200,,0,0.666666667,1,1,3.666666667,3,1,2.666666667,1,,1
165,0,0,tidak,tidak tahu,Tidak,kurang,belum memuaskan,Memuaskan,Ya,Ya,Ya,Ya,ya,10,10,10,9,0,,,,0,3,1,Ya,1,2,,,0,0.333333333,0.666666667,0.666666667,1.666666667,2.666666667,1,1.666666667,0,,0
166,0,1,tidak,besar,Tidak,kurang,memuaskan,Belum memuaskan,Ya,Ya,Ya,Ya,ya,8,8,8,6,0,,,925000,925000,4,1,Ya,0,2,,,0,0,0.333333333,0.333333333,1,2.666666667,0.666666667,0.666666667,0,,0.333333333
167,0,0,tidak,kurang,Tidak,besar,belum memuaskan,Belum memuaskan,Ya,Ya,Ya,Ya,ya,10,10,10,10,0,,,,0,3,1,Tidak,1,3,10000,,0,1,0.666666667,1,3.333333333,2.333333333,0,0,0.666666667,,0.666666667
168,0,0,tidak,kurang,Tidak,tidak tahu,belum memuaskan,Belum memuaskan,,,,,ya,10,10,10,10,0,,,,0,2,1,Ya,0,2,,,0,0,0.333333333,0.333333333,0.666666667,0,0,0,0,,0
169,0,1,tidak,sangat besar,Tidak,sangat kurang,memuaskan,Belum memuaskan,Ya,Ya,Ya,Ya,tidak,9,9,8,8,0,,,,0,2,0,Tidak,0,3,10500,20000,1,1,1,1,3,3,0.666666667,1.333333333,0.666666667,30500,0
170,0,0,tidak,besar,Tidak,kurang,belum memuaskan,Belum memuaskan,Kurang,Ya,Ya,Ya,ya,9,9,8,6,0,,,,0,1,1,Ya,1,3,2000,,0,0.666666667,0,0,0.666666667,2.666666667,0,0,0,,0
171,,0,ya,sangat kurang,Tidak,kurang,tidak tahu,Belum memuaskan,Ya,Ya,Ya,Ya,ya,10,9,9,8,0,,,,0,2,0,Ya,0,2,,,0,0.666666667,0.333333333,0,1,1.666666667,0,0,0.333333333,,0
172,,1,tidak,kurang,Tidak,sangat kurang,memuaskan,Belum memuaskan,Ya,Ya,Ya,Ya,ya,10,10,10,10,0,,,50000,50000,3,1,Tidak,1,2,,,0,0,0,0,0,3,0,0,0,,0
173,0,0,tidak,besar,Tidak,kurang,memuaskan,Sangat belum memuaskan,Ya,Ya,Ya,Ya,ya,8,8,8,6,0,,,,0,3,1,Tidak,1,2,,,0,1,1,1,3.666666667,3,1,2.333333333,0,,0.666666667
174,0,1,ya,besar,Tidak,kurang,memuaskan,Memuaskan,Ya,Ya,Ya,Ya,ya,9,9,8,8,1,3,,,0,,0,Tidak,0,2,,,0,1,0.333333333,1,2.333333333,0.666666667,0.333333333,0.333333333,0,,0
175,,0,tidak,kurang,Ya,besar,memuaskan,Memuaskan,Kurang,Ya,Ya,Ya,ya,9,10,10,8,0,,,,0,4,1,Ya,1,2,25000,,0,0,0,0,0,2.666666667,0.333333333,1,0,,0
176,,0,ya,kurang,,,belum memuaskan,Memuaskan,Ya,Ya,Ya,Ya,tidak,9,9,9,8,0,,,,0,1,1,Ya,0,3,,,0,0.333333333,0.666666667,0.333333333,1.666666667,3,0.333333333,0.666666667,0.333333333,,0.333333333
177,,0,,,Tidak,kurang,memuaskan,Memuaskan,Kurang,Kurang,Kurang,Kurang,ya,9,10,10,8,0,,,,0,3,1,Tidak,1,3,500,,0,0,0,0.666666667,0.666666667,2.666666667,0.666666667,1.333333333,0,,0
178,0,1,tidak,kurang,Tidak,kurang,memuaskan,Belum memuaskan,Ya,Ya,Ya,Ya,ya,8,8,8,7,0,,,,0,2,1,Tidak,0,3,,,0,0.333333333,0,0.666666667,1,2,0,0,0.333333333,,0
179,0,0,tidak,kurang,Ya,kurang,memuaskan,Memuaskan,Ya,Kurang,Ya,Ya,ya,7,7,7,5,1,3,,,0,2,0,Tidak,0,3,,,0,0,0.333333333,0.333333333,0.666666667,2,0.666666667,1,0.333333333,,0
180,,0,tidak,besar,Tidak,tidak tahu,memuaskan,Sangat memuaskan,Ya,Ya,Ya,Ya,ya,8,9,9,7,0,,,,0,4,0,Ya,0,3,,,0,0,0.666666667,0.666666667,1.333333333,3,0.666666667,1,0.333333333,,0
181,,0,,,,,tidak tahu,Sangat belum memuaskan,,,,,ya,8,8,8,7,0,,,,0,2,0,Tidak,0,2,40000,,0,0.666666667,0,0,0.666666667,3,0.666666667,0.666666667,0.333333333,,0
182,,0,,,Tidak,besar,memuaskan,Belum memuaskan,Ya,Ya,Ya,Ya,ya,9,10,10,8,0,,,,0,,1,Tidak,0,2,,,0,0,0.666666667,1,2,1.333333333,0.666666667,1.333333333,0,,0.333333333
183,,0,tidak,besar,Tidak,kurang,belum memuaskan,Sangat belum memuaskan,Ya,Ya,Ya,Ya,ya,8,8,8,8,0,,,20000,20000,4,1,Ya,1,2,20000,,0,1,1,0.666666667,3.333333333,2.333333333,0.666666667,1.666666667,0.333333333,,0.666666667
184,,0,tidak,kurang,Tidak,kurang,belum memuaskan,Memuaskan,Ya,Ya,Ya,Ya,ya,9,10,10,8,0,,,,0,2,1,Tidak,1,3,,,0,0,0,0.333333333,0.333333333,3,0.666666667,1.666666667,0.333333333,,0
185,,0,tidak,sangat kurang,Ya,kurang,belum memuaskan,Memuaskan,Kurang,Kurang,Kurang,Kurang,tidak,7,6,7,6,0,,,,0,,0,Ya,0,3,2000,,0,1,0,0.666666667,1.666666667,3,0,0,0,,0
186,0,1,tidak,tidak tahu,Ya,tidak tahu,memuaskan,Memuaskan,Ya,Ya,Ya,Ya,ya,8,8,8,8,0,,,200000,200000,12,1,Ya,0,3,3000,,0,0.666666667,1,0.666666667,2.333333333,2.333333333,0.666666667,1.666666667,0.333333333,,0
187,,1,tidak,kurang,Tidak,kurang,belum memuaskan,Belum memuaskan,Ya,Ya,Ya,Ya,ya,8,7,7,6,0,,,,0,2,1,Ya,0,3,15000,,0,0.333333333,1,0.333333333,2,3,0.333333333,1.333333333,0.666666667,,0.333333333
188,0,1,tidak,kurang,Tidak,sangat kurang,belum memuaskan,Belum memuaskan,Ya,Ya,Ya,Ya,ya,8,8,10,8,0,,,,0,4,1,Tidak,0,2,666.6666667,,0,0,0.666666667,0,0.666666667,2,1,1.333333333,0.333333333,,0
189,,0,tidak,besar,Tidak,kurang,memuaskan,Belum memuaskan,Ya,Ya,Ya,Ya,tidak,8,8,9,6,0,,,,0,2,0,Tidak,0,2,1500,,0,0.666666667,0.333333333,0,1,2.666666667,0.333333333,1,0,,0
190,0,1,tidak,kurang,Tidak,besar,memuaskan,Belum memuaskan,Ya,Ya,Ya,Ya,ya,8,8,8,8,0,,,,0,2,1,Tidak,1,2,,,0,1,0,0,1,2.666666667,0,0,0.333333333,,0
191,0,0,ya,kurang,Tidak,tidak tahu,memuaskan,Memuaskan,Ya,Ya,Ya,Ya,ya,9,8,8,5,0,,,,0,4,1,Ya,1,3,1000,,0,0.666666667,0.666666667,0.333333333,1.666666667,3,0.666666667,0.666666667,0,,0
192,0,0,tidak,besar,Tidak,kurang,memuaskan,Memuaskan,,,,,ya,10,10,10,10,1,3,,,0,2,1,Ya,0,2,,,0,0.333333333,0.666666667,0.666666667,2,2,0,0,0,,0.333333333
193,0,1,tidak,kurang,Tidak,kurang,memuaskan,Memuaskan,Ya,Ya,Ya,Ya,ya,7,7,7,6,0,,,,0,4,1,Ya,0,2,,,0,0.666666667,0.666666667,1,2.333333333,2.333333333,0.333333333,0.666666667,0.666666667,,0
194,1,0,tidak,tidak tahu,Tidak,sangat kurang,belum memuaskan,Belum memuaskan,Ya,Ya,Ya,Ya,ya,6,6,6,6,0,,,,0,2,1,Ya,0,2,,,0,0,0,0,0,2.666666667,0.333333333,0.666666667,0,,0
195,,0,tidak,kurang,Tidak,kurang,memuaskan,Memuaskan,Ya,Ya,Ya,Ya,ya,6,6,6,5,0,,,,0,1,1,Ya,1,2,,,0,0.666666667,0,0,0.666666667,0,0.333333333,0.666666667,0.333333333,,0
196,,0,ya,besar,Tidak,besar,memuaskan,Belum memuaskan,Ya,Ya,Ya,Ya,ya,8,7,8,6,0,,,,0,2,1,Ya,1,3,5500,,0,0.666666667,0,0.666666667,1.666666667,2.666666667,0,0,0.666666667,,0.333333333
197,,0,tidak,besar,Ya,besar,belum memuaskan,Belum memuaskan,Ya,Ya,Ya,Ya,ya,8,8,8,8,0,,,50000,50000,4,1,Ya,1,2,40000,,0,0.333333333,0.333333333,0.666666667,1.666666667,1.333333333,0.666666667,1,0.666666667,,0.333333333
198,0,0,tidak,sangat kurang,Tidak,tidak tahu,belum memuaskan,Belum memuaskan,Ya,Ya,Ya,Ya,tidak,10,10,10,8,0,,,61000,61000,1,0,Ya,0,2,48000,,0,1,0.666666667,0.666666667,2.333333333,2.333333333,1,1.333333333,0,,0
199,,0,tidak,besar,Tidak,besar,memuaskan,Belum memuaskan,,,,,ya,8,8,8,8,0,,,,0,,0,Tidak,0,2,,,0,0.333333333,0,0,0.333333333,2,0.333333333,0.666666667,0.333333333,,0
200,,0,ya,besar,Tidak,kurang,memuaskan,Memuaskan,Ya,Ya,Ya,Ya,ya,7,7,8,6,0,,,,0,2,1,Ya,1,3,1000,,0,0,0,0,0,3,0.333333333,0.666666667,0,,0
201,,0,tidak,kurang,Tidak,tidak tahu,memuaskan,Belum memuaskan,Ya,Ya,Ya,Ya,ya,8,8,8,8,0,,,,0,,0,Tidak,0,2,,,0,0.666666667,1,0,1.666666667,2,0.333333333,0.333333333,0.333333333,,0
202,,0,tidak,kurang,Tidak,besar,belum memuaskan,Belum memuaskan,Ya,Ya,Ya,Ya,ya,9,8,8,7,0,,,,0,3,1,Ya,1,2,,,0,0,0.666666667,1,1.666666667,1,0,0,0,,0
203,,0,tidak,sangat kurang,Tidak,sangat kurang,memuaskan,Belum memuaskan,Ya,Ya,Ya,Ya,ya,9,9,8,6,0,,,,0,1,1,Ya,0,3,30000,,0,0.333333333,1,0.666666667,2.666666667,3,1,2.666666667,0.666666667,,0.666666667
204,,0,tidak,sangat kurang,,,memuaskan,Belum memuaskan,Tidak,Kurang,Ya,Ya,tidak,8,8,9,8,0,,,,0,,1,Tidak,1,3,,,0,0.333333333,0,0,0.333333333,2,0,0,0,,0
205,,0,tidak,kurang,,,belum memuaskan,Memuaskan,Ya,Ya,Ya,Ya,tidak,8,8,8,7,0,,,,0,2,0,Tidak,1,3,,,0,0.666666667,1,0.333333333,2,2.666666667,1,2,0,,0
206,,0,tidak,kurang,Tidak,kurang,memuaskan,Belum memuaskan,Kurang,Kurang,Ya,Ya,ya,8,7,9,7,0,,10000,,10000,,0,Tidak,0,2,,,0,0.666666667,0.333333333,0.666666667,1.666666667,2.666666667,0.333333333,0.666666667,0,,0
207,,1,tidak,kurang,Tidak,sangat kurang,memuaskan,Belum memuaskan,Ya,Ya,Ya,Ya,tidak,8,8,8,8,0,,,,0,2,0,Tidak,1,2,60000,,0,1,0.666666667,0.666666667,2.333333333,2,0,0,0,,0
208,,0,tidak,kurang,Tidak,kurang,belum memuaskan,Memuaskan,Ya,Ya,Ya,Ya,tidak,8,8,9,6,0,,,100000,100000,1,1,Ya,1,2,,,0,1,0.333333333,0.666666667,2.333333333,1.666666667,0,0,0,,0.333333333
209,,1,,,Tidak,sangat kurang,memuaskan,Belum memuaskan,Ya,Ya,Ya,Ya,ya,8,9,8,7,0,,,,0,,1,Tidak,1,2,,,0,1,0.333333333,0.666666667,2,1.333333333,0,0,0,,0
210,,0,tidak,kurang,Ya,kurang,memuaskan,Belum memuaskan,Kurang,Ya,Ya,Ya,ya,8,8,8,8,0,,,,0,,0,Tidak,1,2,,,0,0.333333333,0,0.333333333,0.666666667,2.666666667,0,0,0,,0
211,,0,tidak,besar,Tidak,sangat kurang,belum memuaskan,Memuaskan,Ya,Kurang,Ya,Ya,tidak,8,7,9,4,0,,,,0,1,1,Tidak,1,3,,,0,0.333333333,0.333333333,0.333333333,1,1,0.333333333,0.333333333,0,,0
212,,0,tidak,kurang,Tidak,kurang,belum memuaskan,Memuaskan,Ya,Ya,Ya,Ya,tidak,7,7,6,5,0,,,,0,,1,Tidak,1,2,1500,,0,0,0,0.666666667,0.666666667,2.666666667,0,0,0,,0
213,,0,tidak,besar,Tidak,besar,belum memuaskan,Belum memuaskan,Ya,Ya,Ya,Ya,tidak,6,7,7,6,0,,,,0,,0,Tidak,1,3,,5000,1,1,0.666666667,1,2.666666667,2.333333333,0,0,0,,0
214,,0,tidak,kurang,Tidak,sangat kurang,memuaskan,Belum memuaskan,Ya,Ya,Ya,Ya,ya,8,8,10,8,0,,10000,,10000,2,1,Ya,1,2,,,0,1,1,1,3.333333333,2.666666667,0,0,0.666666667,,0.333333333
215,,0,tidak,tidak tahu,Tidak,kurang,belum memuaskan,Memuaskan,Ya,Ya,Ya,Ya,tidak,9,9,9,8,1,3,,,0,1,0,Ya,0,2,,,0,0,0,0,0,3,0,0,0,,0
216,,0,tidak,kurang,Tidak,kurang,memuaskan,Memuaskan,Ya,Tidak,Ya,Ya,ya,10,10,10,8,0,,,,0,,1,Tidak,1,3,,,0,0,0,0,0,2.333333333,0,0,0,,0
217,,0,tidak,kurang,Tidak,kurang,belum memuaskan,Belum memuaskan,,,,,ya,8,8,8,7,0,,,25000,25000,,0,Tidak,0,2,,,0,0.333333333,0.333333333,0.666666667,1.666666667,2.666666667,0,0,0,,0.333333333
218,,0,tidak,sangat kurang,Tidak,tidak tahu,belum memuaskan,Belum memuaskan,Ya,Ya,Ya,Ya,ya,8,8,8,7,0,,,0,0,1,1,Tidak berlaku,1,2,,,0,0,0.333333333,0.333333333,0.666666667,2.333333333,0.333333333,0.333333333,0,,0
219,,0,tidak,besar,Ya,besar,memuaskan,Belum memuaskan,Ya,Ya,Ya,Ya,ya,7,10,10,10,1,3,,1700000,1700000,1,1,Ya,1,3,10000,,0,0.666666667,1,1,3,3.333333333,0.666666667,0.666666667,0.666666667,,0.333333333
220,0,0,tidak,besar,Tidak,besar,memuaskan,Belum memuaskan,Kurang,Kurang,Ya,Ya,ya,10,10,10,6,1,3,,6000000,6000000,5,1,Tidak,1,2,,,0,0.666666667,0,0.666666667,2,2.333333333,1,1.333333333,1,,0.666666667
221,,0,tidak,kurang,Tidak,tidak tahu,belum memuaskan,Belum memuaskan,Ya,Ya,Ya,Ya,ya,7,7,7,7,1,3,,0,0,1,1,Tidak,0,2,6500,,0,1,0.666666667,0.666666667,3.333333333,2.333333333,0.666666667,0.666666667,0.666666667,,1
222,0,0,tidak,besar,Tidak,besar,memuaskan,Memuaskan,Ya,Ya,Ya,Ya,ya,8,8,10,8,0,,,,0,2,0,Ya,1,2,,,0,0.333333333,0,0,0.333333333,2,0,0,0,,0
223,,0,tidak,besar,Tidak,tidak tahu,memuaskan,Memuaskan,,,,,tidak,10,10,9,8,0,,,,0,1,1,Tidak,0,2,,,0,0.666666667,0.666666667,0.666666667,2.666666667,2.666666667,0.666666667,2,0,,0.666666667
224,0,0,ya,besar,Tidak,kurang,memuaskan,Belum memuaskan,Kurang,Ya,Ya,Ya,ya,8,8,8,8,0,,,,0,1,1,Tidak,0,3,,,0,1,0.333333333,0,1.333333333,2.333333333,0,0,0,,0
225,,0,tidak,sangat kurang,Tidak,tidak tahu,belum memuaskan,Belum memuaskan,Ya,Ya,Ya,Ya,tidak,7,8,7,6,0,,,,0,1,0,Tidak,1,2,2000,,0,0.333333333,0.666666667,0.333333333,1.333333333,1,0,0,0.333333333,,0
226,,0,tidak,kurang,Tidak,besar,belum memuaskan,Belum memuaskan,Ya,Ya,Ya,Ya,ya,10,8,8,8,0,,,,0,,0,Tidak,1,2,,,0,0.666666667,0.333333333,0.666666667,1.666666667,2,0.666666667,1.333333333,0,,0
227,1,1,tidak,kurang,Tidak,kurang,memuaskan,Memuaskan,Ya,Ya,Ya,Ya,ya,7,7,7,6,0,,,,0,2,1,Ya,1,3,2000,,0,0,0,0.666666667,0.666666667,2.666666667,0.666666667,1.333333333,0,,0
228,0,0,ya,besar,Tidak,besar,memuaskan,Memuaskan,,,,,ya,8,7,9,8,1,3,1500,,1500,3,1,Tidak,0,2,,,0,0.666666667,0,0,0.666666667,0.666666667,0,0,0,,0
229,,1,tidak,sangat kurang,Tidak,tidak tahu,memuaskan,Memuaskan,,,,,ya,8,7,8,8,0,,,,0,2,1,Tidak,0,3,,,0,0.666666667,0.333333333,0.333333333,1.333333333,3,0.666666667,1.333333333,0.333333333,,0
230,1,0,ya,besar,Tidak,tidak tahu,memuaskan,Memuaskan,Ya,Ya,Ya,Ya,ya,7,8,8,1,0,,,0,0,2,1,Ya,1,3,1000,,0,1,0.333333333,0.666666667,2.666666667,2,0,0,1,,0.666666667
231,,0,ya,kurang,Tidak,kurang,memuaskan,Memuaskan,Ya,Ya,Ya,Ya,ya,10,10,10,5,0,,,35000,35000,2,1,Ya,0,3,,,0,0.666666667,0.333333333,0.666666667,1.666666667,2,0.666666667,1.666666667,0.333333333,,0
232,,0,tidak,sangat kurang,Ya,besar,memuaskan,Memuaskan,Ya,Ya,Ya,Ya,ya,10,10,10,10,0,,,,0,1,1,Ya,1,3,2000,,0,1,1,0.666666667,3.333333333,2.333333333,1,2,0.666666667,,0.666666667
233,0,0,tidak,kurang,Tidak,kurang,memuaskan,Belum memuaskan,Ya,Ya,Ya,Ya,ya,10,10,10,10,0,,,0,0,,1,Tidak,1,2,,9000,1,1,1,0,2,3,0.333333333,0.666666667,0.333333333,,0
234,,0,tidak,kurang,Ya,sangat kurang,memuaskan,Memuaskan,Ya,Ya,Ya,Ya,ya,8,8,8,8,0,,,25000,25000,,0,Ya,1,3,,,0,1,1,0,2,2,0,0,0.333333333,,0
235,,0,,,,,memuaskan,Belum memuaskan,Ya,Ya,Ya,Ya,tidak,8,7,8,7,0,,5000,,5000,2,1,Tidak,1,3,,,0,1,0.666666667,0,1.666666667,1.666666667,0.666666667,0.666666667,0,,0
236,0,0,ya,besar,Ya,besar,memuaskan,Belum memuaskan,Ya,Ya,Ya,Ya,ya,10,10,10,8,1,3,,50000,50000,1,0,Tidak,0,3,,,0,1,1,0.333333333,2.333333333,2,0.666666667,1.666666667,0,,0
237,,0,,,,,memuaskan,Memuaskan,Ya,Ya,Ya,Ya,ya,7,8,7,7,0,,,5000,5000,4,0,Tidak,1,3,,,0,1,0.333333333,0.333333333,1.666666667,2,0.666666667,0.666666667,0.666666667,,0
238,,0,,,,,memuaskan,Memuaskan,Ya,Ya,Ya,Ya,ya,8,8,8,7,0,,0,,0,1,1,Tidak,1,3,,,0,1,1,0.666666667,2.666666667,2,0.666666667,0.666666667,0,,0
239,,0,tidak,kurang,Tidak,kurang,memuaskan,Memuaskan,Ya,Ya,Ya,Ya,ya,8,8,8,8,0,,,125000,125000,2,1,Tidak,1,3,10500,10000,1,1,1,0,2,2.666666667,0.666666667,1,0,20500,0
240,,0,tidak,sangat kurang,Tidak,tidak tahu,memuaskan,Memuaskan,Kurang,Kurang,Ya,Ya,tidak,9,8,9,7,0,,,100000,100000,2,1,Tidak,1,3,5000,,0,1,1,0.666666667,3,1.666666667,0.666666667,0.666666667,0.333333333,,0.333333333
241,,0,tidak,sangat kurang,Tidak,kurang,memuaskan,Belum memuaskan,,,,,ya,9,9,9,9,0,,,,0,4,0,Tidak,0,3,10000,,0,0.666666667,1,0.333333333,2,2.666666667,0.333333333,0.333333333,0,,0
242,,0,ya,kurang,Tidak,kurang,memuaskan,Belum memuaskan,Ya,Ya,Ya,Ya,ya,8,7,7,7,0,,,,0,1,0,Tidak,1,2,,,0,0,0.333333333,0.333333333,0.666666667,2.333333333,0.666666667,1.333333333,0.333333333,,0
243,0,0,tidak,kurang,Tidak,kurang,belum memuaskan,Belum memuaskan,Ya,Ya,Ya,Ya,ya,7,7,8,6,0,,,50000,50000,3,0,Tidak,0,2,,,0,0.666666667,0,0.333333333,1,1,1,2.333333333,0.333333333,,0
244,,0,tidak,sangat kurang,Tidak,tidak tahu,memuaskan,Belum memuaskan,Ya,Ya,Ya,Ya,ya,6,7,7,6,0,,,,0,1,1,Tidak,1,2,,,0,0,0,0.333333333,0.333333333,1.666666667,0,0,0,,0
245,,0,tidak,sangat kurang,Tidak,sangat kurang,memuaskan,Memuaskan,Ya,Ya,Ya,Ya,ya,7,7,7,7,0,,,,0,2,1,Ya,0,2,,,0,0.666666667,0,0.333333333,1,2,0.666666667,1.333333333,0.333333333,,0
246,,0,tidak,kurang,Tidak,kurang,memuaskan,Memuaskan,Ya,Ya,Ya,Ya,ya,7,7,8,7,0,,,,0,2,1,Ya,0,3,,,0,0.666666667,0.333333333,0.333333333,1.333333333,1.666666667,0,0,0,,0
247,0,0,tidak,sangat kurang,Tidak,kurang,belum memuaskan,Belum memuaskan,Ya,Ya,Ya,Ya,ya,8,8,8,7,0,,,,0,2,0,Tidak,1,3,,,0,1,0,0.333333333,1.333333333,2.333333333,0.333333333,0.333333333,0.666666667,,0
248,,1,tidak,besar,Tidak,kurang,memuaskan,Memuaskan,Ya,Kurang,Ya,Ya,ya,10,10,9,8,0,,,50000,50000,1,0,Tidak,0,3,,,0,1,0.666666667,0.666666667,2.333333333,3,0.666666667,1.333333333,1,,0
249,0,0,tidak,besar,Tidak,sangat kurang,memuaskan,Belum memuaskan,Ya,Ya,Ya,Ya,tidak,6,6,6,5,0,,,,0,1,0,Tidak,1,2,,,0,1,0,0.333333333,1.333333333,1.666666667,0.333333333,1,0.333333333,,0
250,,0,tidak,sangat kurang,Tidak,besar,memuaskan,Memuaskan,Kurang,Kurang,Ya,Ya,ya,8,8,8,6,1,3,,,0,1,0,Tidak,1,2,,,0,1,0,0,1,2.333333333,0.333333333,1,0,,0
251,1,0,tidak,sangat besar,Tidak,kurang,memuaskan,Belum memuaskan,Ya,Ya,Ya,Ya,ya,8,8,8,8,0,,,,0,1,1,Ya,1,2,,,0,0,0,0.333333333,0.333333333,1.666666667,0.333333333,0.333333333,0,,0
252,,0,tidak,sangat kurang,Tidak,besar,memuaskan,Memuaskan,Ya,Ya,Ya,Ya,ya,7,7,7,6,0,,,,0,1,0,Tidak,1,3,,,0,0.333333333,0,0,0.333333333,2.666666667,0,0,0,,0
253,,0,tidak,sangat kurang,Tidak,besar,belum memuaskan,Belum memuaskan,Ya,Ya,Ya,Ya,tidak,7,7,8,8,0,,,,0,1,1,Tidak,0,2,,,0,0.666666667,0,0.666666667,1.333333333,2,0,0,0.333333333,,0
254,,0,tidak,tidak tahu,Tidak,besar,memuaskan,Belum memuaskan,Ya,Ya,Ya,Ya,ya,7,8,8,7,0,,,,0,1,1,Ya,1,2,300000,1500000,1,0,0,1,1.333333333,2,0.333333333,1.333333333,0.333333333,1800000,0.333333333
255,,0,tidak,kurang,Tidak,sangat besar,belum memuaskan,Memuaskan,Ya,Ya,Ya,Ya,ya,7,7,6,6,0,,,5000,5000,1,1,Tidak,1,3,,,0,0.666666667,0,0.333333333,1,2.666666667,0.333333333,0.333333333,0,,0
256,,0,tidak,besar,Tidak,tidak tahu,belum memuaskan,Belum memuaskan,Ya,Ya,Ya,Ya,ya,6,6,6,5,0,,,30000,30000,1,1,Ya,1,2,,,0,0.666666667,0.666666667,0.666666667,2.333333333,2,1,1.333333333,0.666666667,,0.333333333
257,,0,ya,kurang,Tidak,tidak tahu,belum memuaskan,Memuaskan,,,,,ya,8,7,8,5,0,,,,0,1,0,Tidak,0,2,,,0,0,0,0,0,3,0,0,0,,0
258,0,0,ya,besar,Ya,besar,memuaskan,Memuaskan,Ya,Ya,Ya,Ya,ya,7,7,7,6,0,,,60000,60000,1,1,Ya,1,2,,,0,0.666666667,0.333333333,0.666666667,1.666666667,2.666666667,0,0,0,,0
259,,0,tidak,kurang,Tidak,kurang,belum memuaskan,Belum memuaskan,,,,,ya,9,8,8,7,0,,,,0,4,0,Tidak,0,3,,,0,0,0,0,0,2.333333333,0,0,0,,0
260,,0,tidak,sangat kurang,Tidak,sangat besar,belum memuaskan,Belum memuaskan,Ya,Ya,Ya,Ya,ya,8,8,8,7,0,,,30000,30000,1,0,Tidak,0,3,,,0,0.666666667,0,0,0.666666667,2,0,0,0,,0
261,,0,tidak,sangat kurang,Tidak,kurang,belum memuaskan,Belum memuaskan,,,,,tidak,6,6,6,6,0,,,,0,2,1,Tidak,0,2,,10000,1,1,0,0.333333333,1.333333333,2.333333333,0.333333333,0.666666667,0,,0
262,0,0,tidak,sangat kurang,Tidak,sangat kurang,memuaskan,Memuaskan,Ya,Ya,Ya,Ya,ya,9,8,9,7,0,,,,0,2,0,Ya,1,2,,,0,1,0.666666667,0.666666667,2.666666667,2.333333333,0.333333333,0.333333333,0,,0.333333333
263,,0,tidak,tidak tahu,Tidak,kurang,belum memuaskan,Sangat belum memuaskan,,,,,tidak,7,7,7,6,0,,,,0,1,1,Ya,0,2,10000,7500,1,0,0.666666667,0.333333333,1.333333333,2.333333333,0,0,0.333333333,17500,0.333333333
264,1,0,tidak,besar,Ya,besar,memuaskan,Belum memuaskan,Ya,Ya,Ya,Ya,ya,7,7,8,8,0,,,,0,1,1,Ya,1,2,,,0,1,1,0.666666667,3,2,1,2,1,,0.333333333
265,0,0,,,Tidak,kurang,belum memuaskan,Belum memuaskan,Ya,Ya,Ya,Ya,ya,8,8,9,7,0,,,,0,1,0,Tidak,0,2,,,0,0.333333333,1,0.333333333,1.666666667,2.666666667,1,2,0.333333333,,0
266,,0,tidak,kurang,Tidak,tidak tahu,belum memuaskan,Belum memuaskan,Ya,Ya,Ya,Ya,tidak,menolak menjawab,menolak menjawab,menolak menjawab,menolak menjawab,0,,,,0,1,0,Ya,1,3,,,0,1,1,0,2,3,1,1,1,,0
267,,0,tidak,kurang,,,belum memuaskan,Belum memuaskan,Kurang,Kurang,Ya,Kurang,ya,10,10,10,10,1,2,,,0,2,1,Ya,1,2,0,,0,0,0.666666667,0.666666667,2,2,0.666666667,1.333333333,0,,0.666666667
268,0,0,ya,besar,Ya,sangat kurang,sangat belum memuaskan,Belum memuaskan,Ya,Ya,Ya,Ya,ya,8,7,9,8,0,,,,0,2,1,Ya,1,2,,,0,0.333333333,0.666666667,0.333333333,1.666666667,3,1,2,1,,0.333333333
269,1,0,ya,sangat besar,Ya,kurang,belum memuaskan,Belum memuaskan,Ya,Ya,Tidak Tahu,Ya,tidak,8,8,8,8,0,,,,0,2,1,Tidak berlaku,1,2,,,0,1,0.333333333,0.333333333,2,2,1,2,0.333333333,,0.333333333
270,1,0,tidak,kurang,Tidak,kurang,belum memuaskan,Belum memuaskan,Ya,Ya,Ya,Ya,ya,7,8,9,7,1,1,,,0,3,1,Tidak,1,2,20000,,0,0,0,0,0,2.333333333,1,3,1,,0
271,,0,tidak,kurang,Tidak,kurang,belum memuaskan,Belum memuaskan,Ya,Ya,Ya,Ya,ya,7,7,8,6,0,,,,0,3,0,Ya,1,2,,,0,1,1,1,3,2.666666667,1,2,1,,0
272,,0,tidak,kurang,Tidak,besar,memuaskan,Belum memuaskan,Ya,Ya,Ya,Ya,ya,7,8,8,7,1,3,,10000,10000,1,1,Ya,1,2,,,0,1,1,1,3.666666667,2,1,1,0,,0.666666667
273,0,0,tidak,sangat besar,Tidak,tidak tahu,belum memuaskan,Belum memuaskan,Ya,Ya,Ya,Ya,ya,7,7,8,6,0,,2000,25000,27000,1,1,Ya,1,2,5000,,0,1,1,1,4,3,1,2,1,,1
274,0,0,tidak,kurang,Tidak,kurang,memuaskan,Memuaskan,Ya,Ya,Ya,Ya,tidak,8,8,8,8,1,3,3000,100,3100,4,1,Ya,1,3,,,0,1,1,1,4,3,1,4,1,,1
275,,0,tidak,besar,Ya,kurang,memuaskan,Belum memuaskan,Ya,Ya,Ya,Ya,ya,9,9,10,10,1,3,,,0,6,1,Tidak,1,2,,,0,1,0.333333333,0.666666667,2,2,1,2.333333333,0.666666667,,0
276,,0,tidak,kurang,Ya,besar,memuaskan,Memuaskan,Ya,Ya,Ya,Ya,tidak,8,8,8,8,0,,,,0,1,1,Ya,1,2,,,0,1,1,1,4,3,1,2.666666667,1,,1
277,0,0,tidak,kurang,Ya,kurang,memuaskan,Belum memuaskan,Ya,Ya,Ya,Ya,ya,8,8,8,7,1,2,,,0,3,0,Ya,0,3,,,0,1,0,1,3,3,1,2,1,,1
278,,0,ya,sangat besar,Tidak,kurang,sangat belum memuaskan,Sangat belum memuaskan,Ya,Ya,Ya,Ya,tidak,6,6,6,6,0,,,,0,3,1,Ya,0,3,25000,,0,1,1,0,2,3,1,2,1,,0
279,0,0,ya,kurang,Tidak,besar,memuaskan,Belum memuaskan,Ya,Ya,Ya,Ya,ya,9,9,9,9,1,1,,5000,5000,4,0,Ya,1,2,,,0,1,0,1,3,3,1,1.666666667,0,,1
280,,0,tidak,kurang,Tidak,besar,memuaskan,Belum memuaskan,Kurang,Kurang,Ya,Ya,ya,8,8,8,8,0,,,,0,2,1,Tidak,1,2,10000,,0,0.333333333,0.333333333,0,0.666666667,2,0.333333333,0.333333333,0.666666667,,0
281,,0,tidak,kurang,Ya,kurang,memuaskan,Belum memuaskan,Ya,Ya,Ya,Ya,ya,8,8,7,6,0,,,,0,,1,Ya,1,3,2000,,0,1,1,1,4,3,1,2.333333333,0.333333333,,1
282,0,0,tidak,sangat kurang,Tidak,kurang,memuaskan,Memuaskan,Ya,Ya,Ya,Ya,ya,7,7,7,7,1,3,,,0,2,1,Tidak,1,3,,,0,0.333333333,0.666666667,0.333333333,1.666666667,2,0.333333333,1,0,,0.333333333
283,0,0,tidak,kurang,Tidak,sangat kurang,memuaskan,Belum memuaskan,Ya,Ya,Ya,Ya,ya,8,7,10,7,0,,,,0,5,1,Tidak,0,3,,,0,0,0,0,0,3,1,3,0,,0
284,,0,,,Tidak,sangat kurang,belum memuaskan,Belum memuaskan,Kurang,Tidak,Ya,Kurang,ya,6,6,6,5,0,,,,0,1,1,Tidak berlaku,1,2,,,0,0.666666667,0,1,1.666666667,2,0,0,0,,0
285,0,0,tidak,sangat kurang,Tidak,sangat kurang,belum memuaskan,Sangat belum memuaskan,Ya,Ya,Ya,Ya,ya,8,7,10,7,0,,,,0,2,1,Ya,0,2,30000,,0,0.666666667,0.666666667,1,3.333333333,2.666666667,1,2,0,,1
286,,0,tidak,besar,Tidak,kurang,belum memuaskan,Memuaskan,Ya,Ya,Ya,Ya,ya,8,8,8,8,0,,,,0,,0,Ya,1,2,,,0,0,0,0,0,2.333333333,0.333333333,0.333333333,0,,0
287,,0,ya,kurang,Ya,besar,memuaskan,Memuaskan,Ya,Ya,Ya,Ya,ya,7,7,8,6,1,3,,,0,2,0,Ya,1,3,,,0,0,0,0,0,2,0.666666667,1,0.333333333,,0
288,,0,tidak,tidak tahu,Tidak,kurang,belum memuaskan,Belum memuaskan,Ya,Ya,Ya,Ya,ya,8,8,8,8,0,,,,0,2,1,Ya,1,2,1333.333333,,0,1,1,1,4,3,1,2,1,,1
289,,0,tidak,besar,Ya,besar,belum memuaskan,Belum memuaskan,Ya,Ya,Ya,Ya,ya,9,10,10,9,0,,,,0,1,1,Ya,1,3,,,0,1,0.333333333,0.666666667,2.333333333,2.666666667,0.333333333,0.666666667,1,,0.333333333
290,,0,tidak,sangat kurang,Tidak,besar,memuaskan,Memuaskan,Kurang,Kurang,Ya,Ya,ya,8,8,8,8,0,,,40000,40000,1,1,Ya,1,3,,,0,1,1,1,4,3,1,1.333333333,1,,1
291,,0,ya,besar,Tidak,kurang,belum memuaskan,Belum memuaskan,Ya,Kurang,Ya,Ya,tidak,8,9,9,8,0,,,,0,1,1,Ya,1,2,,,0,0,1,1,3,3,0,0,0,,1
292,0,0,tidak,sangat kurang,Tidak,sangat kurang,memuaskan,Belum memuaskan,Ya,Ya,Ya,Ya,ya,10,10,10,10,0,,,60000,60000,1,1,Tidak,0,3,60000,,0,1,1,1,3.333333333,3,1,2,1,,0.333333333
293,,0,tidak,kurang,Ya,tidak tahu,memuaskan,Belum memuaskan,Ya,Ya,Ya,Ya,ya,6,6,6,6,0,,,,0,1,1,Tidak,0,3,,,0,0.666666667,0.333333333,0.333333333,1.666666667,3,0.666666667,1.333333333,1,,0.333333333
294,,0,tidak,tidak tahu,Ya,besar,memuaskan,Belum memuaskan,Ya,Ya,Ya,Ya,ya,8,8,8,7,0,,,900000,900000,1,1,Tidak,1,2,,,0,0.333333333,1,1,3.333333333,1,1,1.666666667,0,,1
295,,1,ya,besar,Ya,besar,memuaskan,Memuaskan,Ya,Ya,Ya,Ya,ya,7,7,10,8,0,,,,0,1,1,Ya,0,2,,,0,0.333333333,0.333333333,0.333333333,1,3,1,1.666666667,0.333333333,,0
296,1,0,tidak,besar,Tidak,kurang,memuaskan,Belum memuaskan,Ya,Ya,Ya,Ya,ya,7,7,7,7,1,3,,,0,4,1,Ya,0,3,,,0,0.666666667,0.666666667,1,3.333333333,3,0.666666667,1.666666667,0.666666667,,1
297,0,0,ya,besar,Ya,kurang,belum memuaskan,Belum memuaskan,Ya,Ya,Ya,Ya,ya,8,8,8,7,1,2,,,0,1,1,Ya,1,2,25000,,0,1,0,0,1,2,1,2,1,,0
298,,0,tidak,kurang,Tidak,kurang,memuaskan,Memuaskan,Ya,Ya,Ya,Ya,ya,7,7,7,6,1,3,,4239000,4239000,1,1,Ya,1,2,,,0,1,0,1,3,0,1,2,1,,1
299,,0,tidak,sangat kurang,Tidak,besar,belum memuaskan,Belum memuaskan,Ya,Ya,Ya,Ya,ya,7,7,8,8,1,3,,40000,40000,1,1,Ya,0,3,,,0,1,1,1,4,2.666666667,1,2.666666667,1,,1
300,,0,tidak,kurang,Tidak,besar,memuaskan,Memuaskan,Ya,Ya,Ya,Ya,ya,7,8,8,7,0,,,,0,1,0,Ya,1,2,,,0,0.666666667,0.333333333,1,3,3,1,1.333333333,1,,1
301,,0,tidak,sangat kurang,Tidak,sangat kurang,belum memuaskan,Memuaskan,Ya,Ya,Ya,Ya,ya,7,7,7,6,0,,,25000,25000,1,1,Ya,1,2,,,0,1,1,1,4,2.666666667,1,2,1,,1
302,,0,ya,sangat besar,Ya,besar,belum memuaskan,Belum memuaskan,Ya,Ya,Ya,Ya,ya,8,8,9,6,1,3,,,0,1,1,Ya,0,2,,,0,1,1,1,4,3,1,1.333333333,1,,1
303,1,0,ya,besar,Tidak,tidak tahu,memuaskan,Belum memuaskan,Kurang,Tidak,Ya,Kurang,ya,7,8,8,7,0,,,,0,3,1,Tidak,1,2,,,0,1,1,1,4,3,1,4,1,,1
304,,0,ya,sangat kurang,Tidak,besar,memuaskan,Belum memuaskan,Ya,Ya,Ya,Ya,tidak,8,9,9,8,1,3,,,0,,1,Ya,1,2,,,0,1,1,0,2,2,1,1,0,,0
305,,1,ya,besar,Tidak,besar,memuaskan,Belum memuaskan,Ya,Ya,Ya,Ya,ya,8,8,8,7,1,3,,20000,20000,3,1,Tidak,0,3,20000,,0,1,1,1,4,3,1,1.333333333,0.666666667,,1
306,,0,ya,besar,Ya,besar,memuaskan,Belum memuaskan,Ya,Ya,Ya,Ya,ya,7,7,7,6,1,3,,,0,2,1,Ya,1,3,,5000,1,0.333333333,0,0.333333333,0.666666667,2.333333333,0,0,0.333333333,,0
307,,0,ya,besar,Tidak,kurang,memuaskan,Belum memuaskan,Ya,Ya,Ya,Ya,ya,7,7,8,8,1,3,,20000,20000,2,1,Ya,1,3,20000,,0,1,1,0.666666667,2.666666667,3.666666667,1,1,0,,0
308,,0,tidak,besar,Tidak,besar,memuaskan,Belum memuaskan,Ya,Ya,Ya,Ya,tidak,7,8,8,7,0,,,,0,4,1,Tidak,0,2,,,0,1,1,1,4,3,1,2.333333333,0,,1
309,,0,tidak,besar,Ya,kurang,memuaskan,Belum memuaskan,Ya,Ya,Ya,Ya,ya,6,6,6,6,0,,5000,,5000,2,1,Ya,1,2,,,0,1,0.333333333,0.333333333,1.666666667,0,0.333333333,0.666666667,0,,0
310,0,0,ya,besar,Tidak,tidak tahu,belum memuaskan,Belum memuaskan,Ya,Ya,Ya,Ya,ya,8,8,8,8,1,3,,,0,6,1,Ya,1,2,,,0,0,0,0,0,1,0,0,0.333333333,,0
311,,0,tidak,sangat kurang,Tidak,besar,belum memuaskan,Belum memuaskan,Ya,Ya,Ya,Ya,ya,8,8,9,8,1,3,4245000,40000,4285000,5,0,Tidak,1,3,85000,,0,0.333333333,0.666666667,0.333333333,1.666666667,3,0.666666667,1.666666667,1,,0.333333333
312,,0,tidak,kurang,Ya,besar,memuaskan,Belum memuaskan,,,,,ya,8,9,8,8,0,,,,0,1,1,Ya,0,3,,,0,1,1,1,4,3,1,1.333333333,0,,1
313,1,0,ya,besar,Ya,besar,memuaskan,Memuaskan,Ya,Ya,Ya,Ya,ya,8,8,8,8,0,,,1000,1000,3,1,Ya,1,2,0,,0,0.666666667,0.666666667,0.666666667,2.666666667,2.666666667,0.666666667,1.333333333,0.666666667,,0.666666667
314,,0,tidak,kurang,Ya,besar,belum memuaskan,Belum memuaskan,Ya,Ya,Ya,Ya,ya,7,8,8,6,0,,,,0,,1,Ya,0,3,,,0,0.333333333,0,0,0.333333333,0,0.666666667,0.666666667,0,,0
315,,1,ya,besar,Ya,besar,memuaskan,Belum memuaskan,,,,,ya,7,8,9,6,0,,,,0,1,1,Ya,0,3,25100,,0,0.333333333,0,0.333333333,1,2.666666667,0.333333333,0.666666667,0.333333333,,0.333333333
316,,0,tidak,sangat kurang,Ya,besar,belum memuaskan,Memuaskan,Ya,Ya,Ya,Ya,ya,9,9,9,9,0,,,,0,5,1,Ya,1,2,,,0,0.333333333,0.333333333,0.333333333,1,0,0.333333333,0.333333333,0,,0
317,,0,tidak,kurang,Tidak,sangat besar,memuaskan,Belum memuaskan,Ya,Ya,Ya,Ya,ya,8,7,10,7,0,,,,0,6,1,Ya,1,2,15000,,0,0,1,0,1,3,1,2.333333333,0,,0
318,0,0,tidak,kurang,Tidak,sangat kurang,sangat memuaskan,Belum memuaskan,Ya,Ya,Ya,Ya,tidak,8,8,8,8,0,,,,0,3,1,Ya,1,3,,,0,1,0.333333333,0.333333333,1.666666667,3,1,2,0,,0
319,0,0,ya,kurang,Ya,besar,belum memuaskan,Memuaskan,Ya,Ya,Ya,Ya,ya,7,8,8,9,0,,,,0,2,1,Ya,1,2,,,0,0.666666667,0.666666667,0,1.333333333,1.333333333,0.333333333,0.333333333,0.333333333,,0
320,,0,tidak,kurang,Ya,besar,belum memuaskan,Memuaskan,Ya,Ya,Ya,Ya,ya,6,7,7,6,0,,,40000,40000,1,1,Ya,1,3,40000,,0,1,1,0.333333333,3.333333333,3,1,2.333333333,1,,1
321,,0,tidak,kurang,Tidak,kurang,memuaskan,Belum memuaskan,Ya,Ya,Ya,Ya,ya,9,9,9,9,0,,,,0,2,1,Ya,0,2,,,0,1,0.666666667,0.333333333,2.333333333,1.666666667,0.666666667,1.666666667,0.333333333,,0.333333333
322,,0,ya,besar,Ya,besar,memuaskan,Memuaskan,,,,,ya,9,8,8,8,0,,,,0,3,1,Ya,0,2,,,0,0.333333333,1,0.333333333,2.333333333,3,0.333333333,1,1,,0.666666667
323,,0,tidak,kurang,Tidak,kurang,belum memuaskan,Belum memuaskan,Ya,Ya,Ya,Ya,ya,10,10,10,10,0,,,,0,1,1,Ya,1,3,,,0,1,1,1,4,3,1,3.333333333,1,,1
324,,0,,,,,tidak tahu,Memuaskan,Ya,Ya,Ya,Ya,ya,8,7,8,7,0,,,,0,6,0,Ya,1,2,1000,,0,0.333333333,0.333333333,0.333333333,1.333333333,3,0.333333333,0.666666667,0.333333333,,0.333333333
325,1,0,tidak,kurang,Tidak,kurang,memuaskan,Belum memuaskan,Ya,Ya,Ya,Ya,ya,8,8,8,8,1,3,,,0,3,1,Ya,0,2,1000,,0,0.666666667,0.666666667,0.666666667,2.666666667,2.666666667,0.666666667,1.666666667,0.333333333,,0.666666667
326,1,0,tidak,besar,Ya,besar,memuaskan,Belum memuaskan,Ya,Ya,Ya,Ya,ya,10,10,10,8,1,3,,,0,2,1,Ya,1,2,,,0,0,1,0.333333333,1.666666667,3,1,3,1,,0.333333333
327,,0,ya,kurang,Tidak,sangat kurang,memuaskan,Belum memuaskan,Ya,Ya,Ya,Ya,ya,8,8,8,8,0,,,3000000,3000000,4,1,Ya,1,2,,,0,0.666666667,0.666666667,0.666666667,2.333333333,2,0,0,0,,0.333333333
328,1,0,tidak,besar,Tidak,sangat kurang,memuaskan,Memuaskan,Ya,Ya,Ya,Ya,ya,7,8,8,6,0,,,,0,2,1,Ya,1,3,25000,,0,0.666666667,1,0,2.666666667,3,0.666666667,1.666666667,1,,1
329,1,0,tidak,kurang,Ya,kurang,memuaskan,Memuaskan,Ya,Ya,Ya,Ya,ya,8,7,8,6,0,,,,0,4,1,Ya,1,2,,,0,1,1,0.666666667,3.666666667,3,1,2.333333333,0,,1
330,,0,ya,besar,Tidak,tidak tahu,belum memuaskan,Memuaskan,Ya,Kurang,Kurang,Kurang,ya,10,10,10,6,1,3,,,0,,1,Tidak,1,3,,,0,1,1,1,3,3,0.333333333,0.333333333,0,,0
331,,0,tidak,besar,Tidak,kurang,memuaskan,Memuaskan,Ya,Ya,Ya,Ya,ya,8,9,10,8,0,,,,0,4,0,Ya,1,2,4000,,0,0.333333333,0.666666667,0.333333333,1.666666667,2,1,3.333333333,0,,0.333333333
332,,0,tidak,kurang,Ya,sangat kurang,memuaskan,Belum memuaskan,Ya,Kurang,Ya,Ya,ya,7,10,10,7,0,,,,0,2,0,Tidak,1,3,,,0,0,0.666666667,0,0.666666667,0,0.333333333,0.666666667,0.333333333,,0
333,,0,tidak,besar,Tidak,besar,memuaskan,Memuaskan,Ya,Ya,Ya,Ya,ya,8,9,9,8,0,,,,0,1,1,Ya,1,2,,,0,0,0.333333333,0,0.333333333,0,1,1,0,,0
334,0,0,ya,besar,Ya,besar,memuaskan,Memuaskan,Ya,Ya,Ya,Ya,ya,10,10,10,10,0,,,,0,1,1,Tidak,0,2,,,0,0.333333333,0.666666667,0,1,1,0.666666667,1.333333333,0,,0
335,,0,tidak,besar,Tidak,tidak tahu,memuaskan,Belum memuaskan,Tidak Tahu,Kurang,Ya,Ya,ya,8,10,10,10,0,,,,0,4,0,Tidak,1,2,,,0,0,0,0,0,0.666666667,0.666666667,1.666666667,0,,0
336,,0,ya,besar,Ya,sangat besar,belum memuaskan,Memuaskan,Ya,Ya,Ya,Ya,tidak,7,8,8,7,1,3,,,0,3,1,Ya,1,3,15000,,0,1,1,1,4,3,0.666666667,1.333333333,0.333333333,,1
337,,0,ya,besar,Tidak,besar,belum memuaskan,Belum memuaskan,,,,,ya,9,9,9,8,1,3,,,0,1,1,Ya,0,3,,,0,1,0.666666667,0.666666667,3,3,1,1.333333333,0,,0.666666667
338,0,0,ya,besar,Ya,kurang,sangat memuaskan,Memuaskan,,,,,ya,8,9,10,8,1,2,,,0,3,1,Ya,0,3,3250,11000,1,1,0.666666667,0.666666667,3.333333333,3,1,2,0.333333333,14250,1
339,0,0,tidak,besar,Tidak,kurang,belum memuaskan,Memuaskan,Ya,Ya,Ya,Ya,ya,10,10,9,8,0,,,,0,1,1,Ya,0,3,,,0,1,1,1,4,3,1,2,0,,1
340,,0,tidak,tidak tahu,Tidak,tidak tahu,memuaskan,Belum memuaskan,Ya,Ya,Ya,Ya,ya,9,9,9,9,0,,,1500000,1500000,1,1,Tidak,1,3,125000,,0,1,1,1,4,3,1,1,1,,1
341,,0,,,Tidak,sangat besar,belum memuaskan,Belum memuaskan,,,,,tidak,8,9,9,9,0,,,,0,5,1,Ya,0,3,200,,0,0.666666667,0,0,1,3,0.333333333,0.333333333,0,,0.333333333
342,,0,ya,kurang,,,memuaskan,Belum memuaskan,Ya,Ya,Ya,Ya,ya,7,7,8,7,0,,,50000,50000,2,1,Ya,0,2,,,0,1,1,0.333333333,3,3,0.333333333,1,0,,0.666666667
343,1,0,tidak,besar,,,memuaskan,Memuaskan,Ya,Ya,Ya,Ya,ya,8,9,8,10,1,3,,75000,75000,2,0,Ya,1,2,75000,,0,1,1,1,4,3,0.666666667,1.333333333,0.666666667,,1
344,,0,ya,besar,Tidak,kurang,memuaskan,Belum memuaskan,Ya,Ya,Ya,Ya,ya,9,9,9,9,1,3,,,0,1,1,Ya,1,3,,,0,1,1,1,4,3,0.333333333,1,0,,1
345,,0,,,,,belum memuaskan,Memuaskan,Kurang,Kurang,Ya,Ya,tidak,8,7,7,8,0,,,,0,3,1,Ya,0,2,500,,0,1,1,1,4,2.666666667,0.333333333,0.333333333,0,,1
346,0,0,,,Tidak,sangat kurang,memuaskan,Belum memuaskan,Ya,Ya,Ya,Ya,ya,8,9,9,6,0,,,25000,25000,1,1,Ya,0,3,25000,40000,1,0.333333333,0.333333333,0.333333333,1.333333333,2.666666667,0.666666667,0.666666667,0.333333333,65000,0.333333333
347,,0,tidak,kurang,Tidak,tidak tahu,memuaskan,Belum memuaskan,Ya,Ya,Ya,Ya,ya,8,8,8,8,0,,,,0,3,1,Ya,1,3,666.6666667,,0,1,1,1,4,2,1,2.333333333,0,,1
348,0,0,,,Tidak,besar,memuaskan,Belum memuaskan,Ya,Ya,Ya,Ya,ya,10,10,10,1,1,3,,,0,3,1,Tidak,0,2,,,0,0.333333333,0.333333333,0.333333333,1.333333333,3,0.666666667,1,0.333333333,,0.333333333
349,0,1,tidak,kurang,Tidak,kurang,memuaskan,Belum memuaskan,Ya,Ya,Ya,Ya,ya,8,7,9,8,1,2,,,0,2,1,Ya,1,3,500,,0,1,1,1,4,3,0.666666667,2,0,,1
350,,0,tidak,kurang,Tidak,sangat kurang,memuaskan,Belum memuaskan,Kurang,Kurang,Ya,Ya,ya,10,8,8,8,0,,,,0,1,1,Ya,1,3,25000,,0,1,1,1,4,3,0.666666667,1.333333333,0.333333333,,1
351,0,0,tidak,besar,,,memuaskan,Memuaskan,Ya,Ya,Ya,Ya,ya,9,9,9,9,1,3,,,0,3,1,Ya,1,3,,,0,1,1,1,4,3,1,1.666666667,0,,1
352,,0,tidak,besar,Ya,besar,memuaskan,Belum memuaskan,Ya,Ya,Ya,Ya,ya,7,7,7,7,0,,,,0,1,1,Ya,1,2,20000,,0,1,1,1,4,3,1,1,0,,1
353,,0,,,,,memuaskan,Belum memuaskan,Ya,Ya,Ya,Ya,ya,9,9,10,10,0,,,,0,2,1,Ya,1,3,75000,,0,0,0.333333333,0,0.666666667,2,0.666666667,1,0,,0.333333333
354,,0,tidak,besar,Ya,besar,memuaskan,Belum memuaskan,Ya,Ya,Ya,Ya,ya,7,6,7,5,0,,,,0,1,1,Ya,1,3,2000,,0,1,1,1,4,3,1,3,0.666666667,,1
355,,0,tidak,kurang,Tidak,kurang,belum memuaskan,Belum memuaskan,,,,,ya,5,6,5,5,0,,,,0,7,1,Tidak,0,2,,,0,0,0,0,0,0,0,0,0,,0
356,,0,tidak,besar,Ya,besar,memuaskan,Memuaskan,Ya,Ya,Ya,Ya,ya,8,8,7,5,1,3,,60000,60000,1,0,Ya,1,2,21666.66667,,0,1,0,0.333333333,1.333333333,2,1,2.333333333,0.333333333,,0
357,0,0,ya,besar,Tidak,besar,memuaskan,Belum memuaskan,Ya,Ya,Ya,Ya,ya,7,7,8,1,0,,,,0,3,1,Tidak,0,3,,,0,0.666666667,0.333333333,0,1,0,1,1.333333333,0.333333333,,0
358,0,0,ya,besar,Tidak,besar,memuaskan,Belum memuaskan,Ya,Ya,Ya,Ya,ya,8,10,10,8,0,,,,0,10,1,Ya,0,2,,,0,0,0,0,0,0,0,0,0,,0
359,0,0,tidak,besar,Tidak,kurang,memuaskan,Belum memuaskan,Ya,Ya,Ya,Ya,ya,9,9,9,1,0,,,,0,6,1,Ya,1,2,,,0,0.666666667,0,0,0.666666667,0,0.666666667,2,0,,0
360,0,0,tidak,besar,Tidak,besar,memuaskan,Belum memuaskan,Ya,Ya,Ya,Ya,ya,6,7,8,6,0,,,20000,20000,1,1,Ya,0,2,,,0,0,0,0,0,0,0.333333333,0.666666667,0.333333333,,0
361,,0,tidak,besar,Ya,kurang,memuaskan,Memuaskan,Kurang,Kurang,Kurang,Kurang,ya,10,10,10,8,0,,,,0,1,0,Ya,1,2,,,0,0.666666667,0,0,0.666666667,3,1,1,0,,0
362,0,0,ya,kurang,Tidak,tidak tahu,belum memuaskan,Memuaskan,Kurang,Ya,Ya,Ya,ya,9,9,10,10,0,,,,0,2,1,Tidak,0,2,,,0,0.666666667,0.333333333,0,1,0,1,2,0,,0
363,1,0,,,,,belum memuaskan,Sangat memuaskan,Ya,Ya,Ya,Ya,tidak,8,7,8,7,0,,,,0,2,1,Ya,1,3,1000,,0,1,1,1,3.666666667,2.666666667,1,3,1,,0.666666667
364,,0,tidak,besar,Tidak,besar,memuaskan,Memuaskan,Ya,Ya,Ya,Ya,ya,8,7,7,7,0,,,,0,2,1,Ya,1,3,1000,,0,0,0.666666667,0.333333333,1.333333333,3,0.666666667,1.333333333,1,,0.333333333
365,,0,tidak,kurang,,,memuaskan,Memuaskan,Ya,Ya,Ya,Ya,ya,8,8,7,8,0,,,,0,3,1,Tidak,1,2,100000,,0,0.666666667,0.333333333,0,1,2,0.666666667,1,0,,0
366,0,0,tidak,sangat kurang,Tidak,tidak tahu,memuaskan,Memuaskan,Ya,Ya,Ya,Ya,ya,9,9,9,9,0,,,6000000,6000000,2,1,Ya,1,2,1000,,0,1,0.666666667,0.333333333,2.666666667,3,1,3,0.666666667,,0.666666667
367,0,0,ya,besar,Ya,kurang,belum memuaskan,Memuaskan,Ya,Ya,Ya,Ya,tidak,7,8,8,8,1,3,,50000,50000,1,1,Ya,1,2,200000,,0,1,1,1,4,2.333333333,1,3,1,,1
368,1,1,ya,besar,Tidak,kurang,belum memuaskan,Belum memuaskan,Ya,Ya,Ya,Ya,ya,8,8,8,7,0,,,,0,2,1,Ya,1,3,1000,,0,0,0.333333333,0.666666667,1,3,0.666666667,1.333333333,1,,0
369,,0,,,Ya,sangat kurang,memuaskan,Memuaskan,Ya,Kurang,Ya,Ya,ya,8,8,8,6,0,,,20000,20000,1,1,Ya,1,3,500,,0,0,0.333333333,0.333333333,0.666666667,2.333333333,0.666666667,1.333333333,1,,0
370,,0,tidak,sangat kurang,Tidak,besar,memuaskan,Memuaskan,Ya,Ya,Ya,Ya,ya,9,9,10,7,1,3,,3500000,3500000,3,1,Ya,1,3,32500,,0,0.666666667,1,0.666666667,3,2.333333333,0.333333333,0.333333333,0.333333333,,0.666666667
371,1,1,tidak,sangat kurang,Tidak,sangat kurang,memuaskan,Memuaskan,TIDAK ADA DATA,TIDAK ADA DATA,TIDAK ADA DATA,TIDAK ADA DATA,ya,8,7,10,7,0,,,,0,2,1,Tidak,1,3,,,0,0.333333333,0.333333333,0.333333333,1.333333333,1.666666667,1,2.666666667,0.333333333,,0.333333333
372,,0,tidak,kurang,Tidak,kurang,memuaskan,Memuaskan,Ya,Ya,Ya,Ya,ya,7,7,7,7,0,,,10000,10000,3,1,Ya,1,3,,,0,0.666666667,1,0.666666667,3,2.666666667,0.333333333,1,0.666666667,,0.666666667
373,0,0,tidak,sangat kurang,Tidak,kurang,belum memuaskan,Memuaskan,Ya,Ya,Ya,Ya,ya,7,9,8,7,0,,,6830000,6830000,1,1,Ya,1,2,50000,,0,0,0.333333333,0.333333333,1.333333333,2,0.666666667,2,0.333333333,,0.666666667
374,,0,tidak,kurang,Tidak,besar,memuaskan,Memuaskan,Ya,Ya,Ya,Ya,ya,9,8,8,8,0,,,25000,25000,2,1,Ya,1,3,,,0,0.666666667,0.666666667,0.333333333,2,2,0.666666667,2.333333333,0.666666667,,0.333333333
375,1,0,tidak,sangat kurang,Tidak,kurang,belum memuaskan,Belum memuaskan,Ya,Ya,Ya,Ya,ya,7,7,8,6,0,,,,0,2,1,Ya,1,2,,,0,0.666666667,0.333333333,0.333333333,2,2.666666667,0.666666667,1.333333333,1,,0.666666667
376,,0,tidak,tidak tahu,,,memuaskan,Memuaskan,Ya,Ya,Ya,Ya,tidak,7,8,7,7,0,,,100000,100000,1,1,Ya,0,2,,,0,1,1,1,4,2.333333333,0.666666667,0.666666667,1,,1
377,0,0,tidak,kurang,Tidak,besar,memuaskan,Memuaskan,Ya,Ya,Ya,Ya,tidak,10,10,10,10,0,,,,0,2,1,Ya,1,2,,,0,0.333333333,0,0.666666667,1,2.666666667,0.666666667,0.666666667,0.333333333,,0
378,1,0,ya,besar,Ya,kurang,belum memuaskan,Belum memuaskan,Ya,Ya,Ya,Ya,ya,9,8,8,8,0,,,,0,2,1,Ya,1,2,,,0,0.333333333,0.333333333,0,1,3,0.666666667,0.666666667,1,,0.333333333
379,,0,tidak,besar,Tidak,kurang,memuaskan,Memuaskan,Ya,Ya,Ya,Ya,ya,7,8,8,7,1,2,,,0,2,1,Ya,0,2,,,0,1,1,1,4,2,0,0,1,,1
380,0,0,tidak,besar,Tidak,kurang,memuaskan,Sangat memuaskan,Ya,Ya,Ya,Ya,ya,9,10,9,9,0,,,400000,400000,1,0,Tidak,1,3,,,0,1,1,0.666666667,3.666666667,2.666666667,0.666666667,1,0.333333333,,1
381,,1,ya,besar,Tidak,besar,memuaskan,Belum memuaskan,Ya,Ya,Ya,Ya,ya,8,9,8,5,0,,,50000,50000,3,1,Ya,1,3,,,0,0.333333333,1,0.666666667,2.333333333,2.333333333,1,2.666666667,0.666666667,,0.333333333
382,,0,tidak,tidak tahu,Tidak,tidak tahu,memuaskan,Memuaskan,Ya,Ya,Ya,Ya,ya,8,8,9,9,1,3,,,0,1,1,Ya,1,3,25000,,0,0.333333333,0.666666667,0.666666667,2.333333333,2.333333333,0.333333333,1.333333333,0.333333333,,0.666666667
383,,1,,,,,sangat belum memuaskan,Belum memuaskan,Ya,Ya,Ya,Ya,ya,7,8,8,8,0,,,,0,4,1,Ya,0,3,,,0,1,1,1,4,2.666666667,0.666666667,2.333333333,1,,1
384,0,0,ya,besar,Tidak,tidak tahu,sangat memuaskan,Belum memuaskan,Ya,Ya,Ya,Ya,ya,8,8,8,7,0,,,1200,1200,6,0,Ya,1,3,5000,,0,1,1,0.666666667,3.666666667,2.666666667,0.666666667,1.666666667,0.666666667,,1
385,0,0,tidak,besar,Tidak,tidak tahu,memuaskan,Memuaskan,,,,,ya,8,8,8,6,0,,,30000,30000,1,1,Ya,0,2,500,,0,0.333333333,0.333333333,0.666666667,2,2.666666667,1,1,0.666666667,,0.666666667
386,1,0,tidak,sangat kurang,Tidak,kurang,memuaskan,Belum memuaskan,Ya,Ya,Ya,Ya,ya,9,9,10,7,0,,,50000,50000,2,1,Ya,1,2,,,0,0,0,0.333333333,1,2.333333333,1,1.333333333,0.666666667,,0.666666667
387,,0,tidak,kurang,Tidak,besar,memuaskan,Belum memuaskan,Ya,Ya,Ya,Ya,tidak,7,7,8,8,0,,,,0,1,1,Ya,1,3,20000,,0,1,1,1,4,3,0,0,0,,1
388,0,0,tidak,sangat kurang,Tidak,sangat kurang,belum memuaskan,Memuaskan,Ya,Ya,Ya,Ya,ya,8,8,8,7,0,,,2375000,2375000,2,1,Ya,0,3,2000,,0,0,0,0,0,2.333333333,0,0,0.333333333,,0
389,,1,tidak,kurang,Tidak,kurang,belum memuaskan,Belum memuaskan,Ya,Ya,Ya,Ya,ya,8,8,8,7,0,,,,0,1,1,Ya,1,2,,,0,0.333333333,0,0,0.333333333,1.666666667,0.333333333,0.333333333,0.333333333,,0
390,,1,tidak,sangat kurang,Tidak,kurang,memuaskan,Memuaskan,Ya,Ya,Ya,Ya,ya,8,8,8,8,0,,,,0,1,1,Tidak,1,2,25000,,0,1,1,1,4,2.666666667,1,3.333333333,0.666666667,,1
391,,0,tidak,besar,Tidak,kurang,memuaskan,Memuaskan,Ya,Ya,Ya,Ya,ya,7,7,9,6,1,2,,25000,25000,2,1,Ya,1,2,,,0,0.333333333,0,0,0.333333333,1.666666667,0.333333333,0.333333333,0,,0
392,,0,tidak,sangat kurang,Tidak,sangat kurang,memuaskan,Belum memuaskan,Ya,Ya,Ya,Ya,tidak,6,7,7,6,0,,,,0,1,1,Ya,1,2,500,,0,0.666666667,0.666666667,0.666666667,2.666666667,2.333333333,0.666666667,1.666666667,0.666666667,,0.666666667
393,,0,ya,kurang,Tidak,kurang,memuaskan,Belum memuaskan,Kurang,Ya,Ya,Ya,ya,9,9,9,9,0,,,35000,35000,1,1,Ya,1,2,,,0,1,0.666666667,0.333333333,2.333333333,2,1,2.666666667,0.333333333,,0.333333333
394,,0,tidak,sangat besar,Tidak,sangat kurang,memuaskan,Belum memuaskan,Ya,Kurang,Ya,Ya,tidak,8,8,8,8,0,,,,0,1,1,Ya,0,3,,,0,0.333333333,0.666666667,0.333333333,1.666666667,0.666666667,0,0,0,,0.333333333
395,,0,tidak,sangat kurang,Tidak,kurang,memuaskan,Belum memuaskan,Ya,Ya,Ya,Ya,ya,9,9,9,8,1,4,,,0,1,1,Ya,1,2,,,0,0,0.333333333,0.666666667,1,3,0,0,0,,0
396,1,1,tidak,besar,Tidak,tidak tahu,belum memuaskan,Belum memuaskan,Ya,Ya,Ya,Ya,ya,7,7,7,7,0,,,,0,1,0,Ya,1,3,,,0,0.666666667,0,0.333333333,1.333333333,2.666666667,0.666666667,1.666666667,0,,0.333333333
397,,0,tidak,kurang,Tidak,kurang,belum memuaskan,Sangat memuaskan,Ya,Ya,Ya,Ya,ya,8,8,8,8,0,,,60000,60000,1,1,Tidak berlaku,1,3,,,0,1,0.666666667,0.666666667,3,3,0.333333333,0.333333333,0.333333333,,0.666666667
398,0,0,tidak,sangat kurang,Tidak,sangat kurang,memuaskan,Belum memuaskan,Ya,Ya,Ya,Ya,ya,9,10,10,9,0,,,,0,1,1,Ya,1,2,37666.66667,,0,0.666666667,0.333333333,0.333333333,1.333333333,2.333333333,0.333333333,0.666666667,0,,0
399,0,0,tidak,besar,Tidak,besar,tidak tahu,Memuaskan,Ya,Ya,Ya,Ya,ya,8,8,8,8,0,,,20000,20000,3,1,Ya,1,3,,,0,0.666666667,0.666666667,0.333333333,2,3,1,2,0.666666667,,0.333333333
400,,0,tidak,kurang,Tidak,kurang,memuaskan,Memuaskan,,,,,tidak,8,9,9,8,0,,,75000,75000,1,1,Ya,0,2,,30000,1,1,1,0.666666667,3.333333333,3,0.333333333,0.666666667,1,,0.666666667
401,,0,,,,,memuaskan,Belum memuaskan,Ya,Tidak,Ya,Ya,ya,10,10,10,10,0,,,,0,1,1,Ya,1,2,500,,0,0.666666667,1,0.666666667,3,2.666666667,1,1.333333333,0.666666667,,0.666666667
402,,0,tidak,besar,Ya,besar,memuaskan,Belum memuaskan,,,,,ya,9,9,9,9,0,,,,0,2,1,Ya,0,3,,,0,0,0,0.666666667,0.666666667,3,0.333333333,0.333333333,0,,0
403,0,0,tidak,kurang,Tidak,kurang,memuaskan,Belum memuaskan,Ya,Ya,Ya,Ya,ya,8,8,8,7,0,,,,0,2,1,Ya,0,2,,,0,0.333333333,0.333333333,0.333333333,1.333333333,3,0.333333333,1,0.333333333,,0.333333333
404,,0,tidak,besar,Ya,besar,belum memuaskan,Belum memuaskan,Ya,Ya,Ya,Ya,ya,10,10,10,10,0,,,,0,1,1,Ya,1,2,,,0,0,0.666666667,0,1,3.333333333,0.666666667,1.333333333,0.333333333,,0.333333333
405,,0,tidak,besar,,,memuaskan,Belum memuaskan,Ya,Ya,Ya,Ya,tidak,9,9,9,8,0,,,70000,70000,1,1,Ya,0,3,,,0,1,1,1,4,3,0.666666667,1.333333333,0.333333333,,1
406,,0,tidak,kurang,Ya,kurang,belum memuaskan,Memuaskan,Ya,Ya,Ya,Ya,ya,7,7,10,8,1,3,1000,60000,61000,1,1,Ya,1,2,,,0,0.666666667,0.333333333,0,1,3,0.333333333,0.333333333,0,,0
407,,0,tidak,kurang,Tidak,besar,belum memuaskan,Belum memuaskan,Ya,Ya,Ya,Ya,ya,8,8,8,6,0,,,,0,1,0,Ya,1,3,,,0,0.666666667,0.666666667,0.666666667,2.333333333,3,0.666666667,1,0,,0.333333333
408,1,0,tidak,besar,Ya,besar,belum memuaskan,Memuaskan,Ya,Ya,Ya,Ya,ya,6,5,6,5,1,3,,60000,60000,1,1,Ya,1,3,,,0,1,0.333333333,0,1.333333333,1.333333333,0.666666667,0.666666667,0,,0
409,0,0,tidak,besar,Tidak,sangat kurang,belum memuaskan,Belum memuaskan,Ya,Ya,Ya,Ya,ya,6,7,7,7,0,,,,0,1,1,Ya,0,3,40000,,0,1,1,1,3.333333333,2.333333333,0.666666667,1,1,,0.333333333
410,,0,ya,besar,Tidak,sangat kurang,belum memuaskan,Memuaskan,Ya,Ya,Ya,Ya,ya,8,8,8,6,1,3,,40000,40000,1,1,Ya,1,2,,,0,1,0.666666667,0.333333333,2.333333333,1.666666667,0.666666667,1,0,,0.333333333
411,,0,tidak,sangat kurang,Tidak,sangat kurang,memuaskan,Belum memuaskan,Ya,Ya,Ya,Ya,ya,7,7,8,7,0,,3060000,,3060000,1,1,Ya,1,3,,,0,0.666666667,1,1,3.666666667,3,0.666666667,1.333333333,0.333333333,,1
412,0,0,ya,besar,Tidak,besar,memuaskan,Belum memuaskan,Ya,Ya,Ya,Ya,tidak,8,8,8,7,0,,,,0,8,1,Ya,1,3,,,0,1,1,0.666666667,2.666666667,2.333333333,0,0,0,,0
413,,0,tidak,sangat kurang,Tidak,kurang,belum memuaskan,Belum memuaskan,Ya,Ya,Ya,Ya,ya,7,8,8,8,0,,65000,5000,70000,3,1,Ya,1,2,64000,,0,1,1,1,3.333333333,3,0.666666667,2,1,,0.333333333
414,0,0,ya,kurang,Tidak,kurang,sangat belum memuaskan,Belum memuaskan,Ya,Ya,Ya,Ya,ya,7,8,8,5,0,,,4000000,4000000,2,1,Tidak,0,3,,,0,0,0,0,0,2.666666667,0.333333333,1,0.333333333,,0
415,,0,tidak,besar,Tidak,kurang,memuaskan,Belum memuaskan,Ya,Ya,Ya,Ya,tidak,9,9,9,9,0,,,,0,2,1,Ya,1,2,,,0,0.666666667,0.333333333,0.333333333,1.666666667,2.333333333,1,2.666666667,0.666666667,,0.333333333
416,1,0,tidak,besar,Tidak,tidak tahu,belum memuaskan,Belum memuaskan,Ya,Ya,Ya,Ya,tidak,8,8,8,6,0,,,,0,1,1,Ya,1,3,,,0,1,1,1,4,3,0.333333333,1.333333333,1,,1
417,,0,tidak,sangat kurang,,,memuaskan,Belum memuaskan,Ya,Tidak,Ya,Ya,ya,8,8,9,8,0,,,,0,2,1,Ya,1,3,,,0,0,0,0,0,1.333333333,0.333333333,0.333333333,0.333333333,,0
418,0,0,tidak,kurang,Ya,sangat kurang,memuaskan,Memuaskan,Ya,Ya,Ya,Ya,ya,7,7,7,6,0,,,2250000,2250000,3,1,Ya,1,3,,,0,0,0.333333333,0.333333333,1,3,0.333333333,1,0.333333333,,0.333333333
419,,0,tidak,besar,,,belum memuaskan,Belum memuaskan,Kurang,Kurang,Ya,Ya,ya,8,8,8,7,1,3,,4000000,4000000,1,1,Ya,1,3,2000,,0,0.333333333,0.333333333,0.333333333,1,2.333333333,0.666666667,1.333333333,0.333333333,,0
420,,0,tidak,besar,Tidak,besar,belum memuaskan,Memuaskan,Ya,Ya,Ya,Ya,tidak,9,9,9,7,0,,,6376000,6376000,2,1,Tidak,1,3,,,0,0,0,0,0,2.333333333,1,1.666666667,0,,0
421,,0,tidak,kurang,Tidak,kurang,memuaskan,Memuaskan,,,,,tidak,8,8,8,6,0,,500000,2000000,2500000,3,1,Ya,0,3,,,0,0.333333333,0.333333333,0.333333333,1.333333333,1,0.333333333,1,0,,0.333333333
422,,1,tidak,tidak tahu,Tidak,besar,memuaskan,Memuaskan,Ya,Ya,Ya,Ya,ya,7,8,8,8,0,,,,0,1,1,Ya,1,3,,,0,0,0.666666667,0.666666667,2,1.666666667,0.333333333,1,0.666666667,,0.666666667
423,1,1,tidak,sangat kurang,Tidak,sangat kurang,memuaskan,Belum memuaskan,Ya,Ya,Ya,Ya,ya,8,8,8,8,0,,,,0,5,1,Ya,1,2,,,0,0,0,0,0,3,1,3,0.666666667,,0
424,0,0,tidak,besar,Tidak,tidak tahu,belum memuaskan,Belum memuaskan,Kurang,Ya,Ya,Ya,ya,7,6,7,8,0,,,,0,1,1,Ya,1,2,,,0,0.666666667,0.333333333,0.666666667,2.333333333,2,0.666666667,2,0.666666667,,0.666666667
425,0,1,tidak,besar,Tidak,besar,memuaskan,Belum memuaskan,Ya,Ya,Ya,Ya,ya,6,6,6,6,1,3,,3500000,3500000,2,1,Ya,1,3,,,0,1,0.666666667,1,3,2.666666667,0.666666667,1.333333333,0.666666667,,0.333333333
426,0,0,ya,sangat besar,,,belum memuaskan,Belum memuaskan,Ya,Ya,Ya,Ya,ya,7,8,8,8,0,,,8260000,8260000,1,1,Ya,1,3,150000,,0,0,0.333333333,0.333333333,1,3.666666667,0.666666667,1.333333333,1,,0.333333333
427,,0,tidak,kurang,Tidak,tidak tahu,memuaskan,Memuaskan,Ya,Ya,Ya,Ya,ya,8,8,8,6,0,,,3430000,3430000,2,1,Ya,1,2,,,0,0.333333333,0.333333333,0.333333333,1.333333333,2,0.333333333,1,0.333333333,,0.333333333
428,,0,tidak,kurang,Tidak,besar,belum memuaskan,Belum memuaskan,,,,,ya,7,8,8,8,1,3,,,0,2,1,Ya,0,2,30000,,0,0.666666667,0.666666667,0.666666667,2.333333333,2,0.333333333,1,1,,0.333333333
429,,0,tidak,kurang,Tidak,besar,memuaskan,Belum memuaskan,Ya,Ya,Ya,Ya,ya,8,8,8,6,1,3,,600000,600000,1,0,Ya,0,3,,,0,0,0,0,0,1,0.333333333,0.333333333,0,,0
430,,0,ya,besar,Tidak,besar,memuaskan,Memuaskan,Ya,Ya,Ya,Ya,tidak,8,8,8,6,1,3,,300000,300000,1,1,Tidak,1,3,,,0,0.333333333,0.666666667,0.666666667,2.333333333,2.333333333,0.666666667,0.666666667,0.333333333,,0.666666667
431,0,0,,,,,belum memuaskan,Belum memuaskan,Ya,Ya,Ya,Ya,ya,9,10,9,8,0,,,25000,25000,,0,Ya,1,2,,,0,0,0,0,0,2,0.333333333,0.666666667,0,,0
432,1,0,tidak,besar,Tidak,tidak tahu,belum memuaskan,Belum memuaskan,Kurang,Ya,Ya,Ya,ya,7,6,7,8,1,3,,,0,2,1,Ya,1,2,,,0,0.666666667,0.333333333,0,1,2,0,0,0,,0
433,,0,tidak,besar,Tidak,kurang,memuaskan,Belum memuaskan,Ya,Ya,Ya,Ya,ya,8,9,8,8,0,,,,0,2,1,Tidak,1,3,,,0,1,0,0,1,3,0.666666667,0.666666667,0.333333333,,0
434,,0,tidak,besar,Tidak,besar,memuaskan,Belum memuaskan,Ya,Ya,Ya,Ya,ya,7,7,7,6,1,4,10000,,10000,1,1,Ya,0,2,,,0,0,0,0.333333333,0.333333333,3,0.666666667,1.333333333,0.333333333,,0
435,1,1,tidak,besar,Ya,besar,belum memuaskan,Belum memuaskan,Ya,Ya,Ya,Ya,ya,6,7,8,6,0,,,34500,34500,1,1,Ya,0,2,,,0,0.666666667,0.333333333,0.666666667,2,3,0,0,0,,0.333333333
436,1,0,tidak,kurang,Ya,besar,memuaskan,Belum memuaskan,Ya,Ya,Ya,Ya,ya,9,8,10,9,0,,,0,0,3,1,Ya,1,3,2000,,0,0.666666667,0.666666667,0.666666667,2.333333333,3,1,1.666666667,0.333333333,,0.333333333
437,,0,tidak,sangat kurang,Tidak,kurang,memuaskan,Memuaskan,Ya,Ya,Ya,Ya,ya,9,9,9,9,0,,,5000,5000,4,1,Ya,1,3,,,0,1,0.666666667,1,3,2.333333333,0,0,0,,0.333333333
438,,0,tidak,besar,Tidak,besar,memuaskan,Belum memuaskan,Ya,Ya,Ya,Ya,ya,10,10,10,7,0,,,,0,1,1,Ya,1,3,,,0,0,0.666666667,0.666666667,1.333333333,3,0.666666667,1.333333333,0.666666667,,0
439,,0,tidak,kurang,Tidak,kurang,memuaskan,Memuaskan,Ya,Ya,Ya,Ya,ya,8,8,8,8,0,,,3000,3000,2,1,Ya,0,3,,,0,1,1,1,3.666666667,3,0.666666667,1.333333333,0.333333333,,0.666666667
440,,0,tidak,besar,Tidak,besar,belum memuaskan,Memuaskan,Ya,Ya,Ya,Ya,ya,9,9,9,8,1,4,,1000,1000,2,1,Ya,1,3,,,0,0.333333333,0.333333333,0.666666667,1.666666667,2.666666667,0.333333333,0.666666667,0,,0.333333333
441,,0,tidak,kurang,Tidak,kurang,belum memuaskan,Memuaskan,Ya,Kurang,Ya,Ya,ya,8,9,9,8,0,,,,0,3,1,Ya,1,2,26000,,0,1,0.333333333,0.333333333,2.333333333,0,0.666666667,1.666666667,0.666666667,,0.666666667
442,,0,tidak,besar,Ya,besar,belum memuaskan,Memuaskan,Kurang,Kurang,Kurang,Kurang,ya,10,9,9,9,0,,,24000,24000,1,0,Ya,0,2,500,,0,0.666666667,0.333333333,0,1,2.666666667,1,2.333333333,1,,0
443,,0,tidak,kurang,Tidak,sangat kurang,memuaskan,Belum memuaskan,Ya,Ya,Ya,Ya,ya,8,8,7,7,0,,,2250000,2250000,3,1,Ya,0,2,,,0,1,0.666666667,0.666666667,3.333333333,2.666666667,1,2.333333333,1,,1
444,,0,tidak,sangat kurang,Tidak,kurang,belum memuaskan,Memuaskan,Ya,Ya,Ya,Ya,ya,8,8,8,8,0,,,30000,30000,1,0,Ya,0,2,30000,,0,0.666666667,0.333333333,0.333333333,2,2.333333333,1,2.333333333,0,,0.666666667
445,,0,ya,besar,Tidak,tidak tahu,memuaskan,Belum memuaskan,Ya,Kurang,Ya,Ya,ya,3,9,9,1,0,,,19100000,19100000,1,1,Ya,0,2,1000000,,0,0.666666667,0.666666667,0,1.333333333,2.333333333,0.333333333,0.666666667,0.666666667,,0
446,,0,tidak,kurang,Tidak,kurang,memuaskan,Belum memuaskan,Ya,Ya,Ya,Ya,tidak,7,8,8,8,0,,,,0,1,1,Ya,0,2,300,,0,1,1,1,4,2.666666667,1,1.666666667,1,,1
447,0,1,tidak,kurang,Tidak,besar,memuaskan,Memuaskan,Kurang,Ya,Ya,Ya,ya,8,8,8,8,1,3,,,0,1,1,Ya,0,3,,,0,0.333333333,0,0,0.333333333,2,1,1.333333333,0,,0
448,,0,tidak,sangat kurang,Tidak,sangat kurang,belum memuaskan,Memuaskan,Ya,Kurang,Ya,Ya,tidak,10,10,10,10,0,,,30000,30000,2,1,Ya,1,3,28333.33333,,0,1,1,1,4,2.666666667,1,2.333333333,1,,1
449,,0,tidak,sangat kurang,Tidak,sangat kurang,memuaskan,Belum memuaskan,Ya,Ya,Ya,Ya,ya,7,8,8,8,0,,,1400000,1400000,1,1,Ya,1,3,,,0,1,1,1,4,2.666666667,1,1.666666667,1,,1
450,,0,tidak,kurang,Tidak,tidak tahu,memuaskan,Memuaskan,Ya,TIDAK ADA DATA,TIDAK ADA DATA,TIDAK ADA DATA,ya,7,8,8,8,0,,,,0,1,1,Ya,1,2,,,0,0.666666667,0.666666667,0.333333333,2,2.25,1,1.75,0.333333333,,0.333333333
451,,0,tidak,sangat besar,Tidak,sangat kurang,belum memuaskan,Belum memuaskan,Ya,Ya,Ya,Ya,ya,8,10,10,10,0,,200000,,200000,,1,Ya,1,2,1500,,0,0.333333333,0.333333333,0,0.666666667,3,0.333333333,1,0.333333333,,0
452,0,0,tidak,kurang,,,memuaskan,Memuaskan,Ya,Ya,Ya,Ya,ya,8,8,8,7,0,,,120000,120000,3,1,Ya,0,3,,,0,1,0.666666667,0.666666667,3,3,1,2.333333333,0.666666667,,0.666666667
453,0,0,tidak,tidak tahu,Tidak,besar,memuaskan,Memuaskan,Ya,Ya,Ya,Ya,ya,9,10,9,8,1,3,15000,3000000,3015000,3,1,Ya,1,3,,,0,1,1,0.333333333,2.666666667,3,1,1,0.666666667,,0.333333333
454,0,1,ya,besar,Ya,kurang,belum memuaskan,Belum memuaskan,Ya,Ya,Ya,Ya,ya,7,6,7,8,0,,,8900000,8900000,2,1,Ya,1,3,,,0,0.666666667,0.666666667,1,3.333333333,2.333333333,1,1.666666667,0.333333333,,1
455,,0,tidak,sangat kurang,Tidak,sangat kurang,belum memuaskan,Belum memuaskan,Ya,Ya,Ya,Ya,tidak,8,9,8,8,0,,,,0,1,1,Ya,1,2,,,0,0.666666667,0.666666667,0.333333333,2,1.333333333,0.333333333,0.333333333,0.333333333,,0.333333333
456,0,1,,,,,belum memuaskan,Belum memuaskan,Ya,Ya,Ya,Ya,ya,menolak menjawab,menolak menjawab,menolak menjawab,menolak menjawab,1,2,,20000,20000,1,1,Ya,1,3,,,0,0.666666667,1,1,3.333333333,3,0.666666667,1.333333333,1,,0.666666667
457,,0,tidak,besar,Tidak,sangat kurang,belum memuaskan,Belum memuaskan,Ya,Ya,Ya,Ya,ya,8,8,8,7,0,,4000000,300000,4300000,3,0,Ya,1,2,,,0,0.666666667,0.333333333,0.666666667,2,3,0.333333333,1,0.666666667,,0.333333333
458,,0,ya,besar,Tidak,besar,memuaskan,Belum memuaskan,Ya,Tidak,Ya,Ya,ya,7,8,8,8,0,,,,0,1,0,Ya,1,2,,,0,0.666666667,0.333333333,0.333333333,2,2.666666667,0.666666667,0.666666667,0.666666667,,0.666666667
459,1,0,tidak,besar,Tidak,tidak tahu,memuaskan,Memuaskan,Ya,Ya,Ya,Ya,ya,7,8,8,5,0,,5340000,,5340000,1,1,Ya,1,2,,,0,0.666666667,0.333333333,0,1.333333333,2.666666667,0.666666667,2,0.666666667,,0.333333333
460,,0,ya,sangat besar,Tidak,sangat besar,memuaskan,Belum memuaskan,Ya,Kurang,Kurang,Ya,ya,9,9,9,9,1,3,,72000,72000,1,1,Tidak,1,3,,,0,0.666666667,0.666666667,0.333333333,2,1.666666667,0.333333333,0.333333333,0.333333333,,0.333333333
461,,1,tidak,kurang,Tidak,kurang,belum memuaskan,Belum memuaskan,,,,,ya,8,8,8,6,0,,10000,,10000,1,1,Ya,0,2,,,0,1,0.333333333,0.333333333,1.666666667,2.333333333,0.333333333,0.666666667,0,,0
462,0,0,ya,besar,Ya,besar,memuaskan,Belum memuaskan,Ya,Ya,Ya,Ya,ya,8,8,9,8,0,,,6300000,6300000,1,1,Ya,0,3,43250,,0,1,1,1,3,2,1,1,0.333333333,,0
463,,0,ya,kurang,Ya,tidak tahu,memuaskan,Belum memuaskan,Ya,Ya,Ya,Ya,ya,7,7,7,6,0,,4500000,,4500000,1,1,Ya,1,3,,,0,0.666666667,0,1,1.666666667,2.666666667,0.333333333,1,0,,0
464,0,1,tidak,sangat kurang,Tidak,sangat kurang,belum memuaskan,Belum memuaskan,Ya,Ya,Ya,Ya,ya,8,8,8,7,1,3,,,0,2,1,Ya,0,2,,,0,0,0,0.333333333,0.333333333,3,0,0,0,,0
465,,0,tidak,kurang,Tidak,sangat kurang,belum memuaskan,Belum memuaskan,Ya,Ya,Ya,Ya,tidak,9,9,9,7,0,,,,0,1,1,Ya,1,2,,,0,0,0,0,0,1.666666667,0,0,0,,0
466,,0,tidak,tidak tahu,Tidak,kurang,memuaskan,Memuaskan,Ya,Ya,Ya,Ya,ya,9,9,9,9,0,,,40000,40000,1,1,Ya,1,3,,,0,0.666666667,0,0.333333333,1,2.666666667,0.666666667,1.333333333,0.333333333,,0
467,,0,tidak,sangat kurang,Tidak,sangat kurang,memuaskan,Memuaskan,Ya,Ya,Ya,Ya,tidak,8,10,10,9,0,,,,0,1,0,Ya,0,3,,,0,0,0.333333333,0.333333333,0.666666667,3,0.666666667,1,0,,0
468,0,1,ya,besar,Tidak,sangat kurang,memuaskan,Memuaskan,Ya,Ya,Ya,Ya,ya,8,8,8,8,0,,,,0,2,0,Tidak,1,2,,,0,0.333333333,0.333333333,0.333333333,1,2.666666667,0,0,0,,0
469,,0,tidak,besar,Tidak,sangat kurang,belum memuaskan,Belum memuaskan,Kurang,Kurang,Ya,Ya,ya,7,7,7,7,0,,,,0,2,0,Ya,0,2,,,0,0,0,0,0,1.666666667,0.333333333,1,0,,0
470,,0,tidak,sangat kurang,Tidak,kurang,belum memuaskan,Belum memuaskan,Ya,Kurang,Ya,Ya,ya,9,9,9,9,0,,,3276000,3276000,1,1,Tidak,0,2,,,0,0.666666667,0.333333333,1,2.333333333,2.666666667,0.333333333,0.666666667,1,,0.333333333
471,,0,tidak,besar,Tidak,sangat kurang,memuaskan,Belum memuaskan,Ya,Ya,Ya,Ya,ya,8,10,10,9,0,,,,0,1,1,Ya,1,2,,,0,0.333333333,0,0.333333333,0.666666667,1.666666667,0,0,0,,0
472,0,1,tidak,tidak tahu,Tidak,kurang,memuaskan,Belum memuaskan,Ya,Ya,Ya,Ya,ya,8,8,8,8,0,,,,0,1,1,Ya,1,2,,,0,0,0,0,0,2.666666667,0,0,0,,0
473,,0,tidak,kurang,Tidak,kurang,memuaskan,Sangat belum memuaskan,Ya,Ya,Ya,Ya,ya,8,8,8,7,1,3,1050000,,1050000,3,1,Ya,0,2,,,0,1,0,1,2.333333333,1.333333333,0.333333333,1,1,,0.333333333
474,,0,tidak,kurang,Tidak,sangat kurang,memuaskan,Belum memuaskan,Ya,Ya,Ya,Ya,tidak,8,8,8,8,0,,,,0,2,1,Ya,0,2,750,,0,0,0.333333333,0.666666667,1.666666667,2.666666667,1,2.333333333,1,,0.666666667
475,0,0,ya,besar,Tidak,besar,belum memuaskan,Belum memuaskan,Ya,Ya,Ya,Ya,ya,9,9,9,7,0,,,,0,1,1,Ya,0,3,,,0,0,0.333333333,0.333333333,0.666666667,1.666666667,1,1.666666667,0,,0
476,,0,tidak,sangat besar,Tidak,besar,memuaskan,Memuaskan,Ya,Ya,Ya,Ya,ya,8,8,9,8,0,,,2850000,2850000,1,1,Ya,1,3,,,0,0.666666667,0,0.333333333,1,3,1,1.333333333,0.333333333,,0
477,0,0,tidak,kurang,Tidak,kurang,memuaskan,Belum memuaskan,Ya,Ya,Ya,Ya,tidak,8,8,8,8,0,,,7500,7500,1,1,Ya,0,3,,,0,0.333333333,0.333333333,0.333333333,1.333333333,2.333333333,0.333333333,0.333333333,0.333333333,,0.333333333
478,0,1,tidak,besar,,,memuaskan,Memuaskan,Ya,Ya,Ya,Ya,ya,7,8,8,8,0,,,20000,20000,2,1,Ya,0,3,,,0,0.333333333,0.333333333,0.333333333,1.333333333,2,1,2.333333333,0.333333333,,0.333333333
479,,0,tidak,besar,Tidak,tidak tahu,belum memuaskan,Belum memuaskan,Ya,Ya,Ya,Ya,ya,10,10,10,9,0,,,,0,2,1,Ya,1,3,1000,,0,0.666666667,0,0,0.666666667,2.333333333,0.333333333,0.666666667,0.666666667,,0
480,0,1,ya,besar,Tidak,besar,memuaskan,Belum memuaskan,Kurang,Kurang,Ya,Ya,ya,8,8,8,8,0,,,,0,3,1,Tidak,0,2,,,0,0.333333333,0.666666667,0,1,2.333333333,0.666666667,1.333333333,0.333333333,,0
481,0,0,tidak,besar,Tidak,tidak tahu,belum memuaskan,Belum memuaskan,Ya,Ya,Ya,Ya,ya,9,8,8,9,0,,,,0,1,1,Ya,0,2,,,0,0.333333333,0.666666667,0.666666667,2.333333333,2.666666667,1,1.333333333,0.666666667,,0.666666667
482,0,0,tidak,sangat besar,Tidak,besar,belum memuaskan,Memuaskan,Ya,Ya,Ya,Ya,tidak,8,10,10,8,0,,,72000,72000,3,1,Ya,1,2,,,0,0.333333333,0.666666667,0.333333333,1.666666667,1.666666667,1,2,0.333333333,,0.333333333
483,0,1,ya,besar,Ya,kurang,memuaskan,Belum memuaskan,Ya,Ya,Ya,Ya,ya,8,9,7,8,0,,,,0,4,1,Ya,1,2,2500,,0,0,0.666666667,1,1.666666667,3,1,2.333333333,0,,0
484,,0,tidak,sangat kurang,Tidak,tidak tahu,belum memuaskan,Belum memuaskan,Ya,Ya,Ya,Ya,ya,7,7,7,7,0,,,100,100,2,0,Tidak,1,3,36250,,0,0.333333333,0.666666667,0.333333333,1.333333333,2,1,1.333333333,0,,0
485,,0,tidak,kurang,Tidak,sangat kurang,belum memuaskan,Belum memuaskan,Ya,Ya,Ya,Ya,ya,9,9,10,8,0,,2000,,2000,7,0,Tidak,0,2,,,0,0.666666667,0.666666667,0.333333333,1.666666667,2.666666667,0.666666667,2.333333333,0,,0
486,1,0,tidak,sangat kurang,Tidak,kurang,belum memuaskan,Belum memuaskan,Ya,Ya,Ya,Ya,tidak,9,8,7,9,0,,,,0,1,1,Ya,1,2,70000,,0,1,0,0,1,2.666666667,1,1.333333333,0,,0
487,0,1,tidak,kurang,Tidak,kurang,memuaskan,Belum memuaskan,Ya,Ya,Ya,Ya,ya,8,8,8,8,0,,,,0,2,1,Tidak,0,2,,,0,1,0.666666667,0,1.666666667,3,1,1.333333333,0,,0
488,0,0,ya,kurang,Tidak,sangat kurang,memuaskan,Belum memuaskan,Ya,Ya,Ya,Ya,ya,8,8,8,8,0,,,,0,2,0,Tidak,1,2,,,0,0.666666667,1,0,1.666666667,2.666666667,1,1,0,,0
489,,0,tidak,sangat kurang,Tidak,kurang,memuaskan,Memuaskan,Ya,Ya,Ya,Ya,ya,6,6,6,6,0,,5000,,5000,1,0,Tidak,0,1,,,0,0.666666667,0.666666667,0.666666667,2,2.333333333,1,2,0.666666667,,0
490,0,0,ya,besar,Tidak,besar,belum memuaskan,Memuaskan,Ya,Ya,Ya,Ya,tidak,8,8,8,8,1,3,,,0,1,1,Ya,1,3,,,0,0,0,0,0,2.333333333,1,1,0,,0
491,1,0,tidak,kurang,Tidak,besar,belum memuaskan,Belum memuaskan,Ya,Ya,Ya,Ya,ya,9,9,9,8,0,,,,0,4,1,Ya,1,3,,,0,1,0.666666667,1,3,2.666666667,1,2,0.333333333,,0.333333333
492,0,0,ya,sangat kurang,Tidak,kurang,memuaskan,Belum memuaskan,Ya,Kurang,Ya,Ya,tidak,7,6,6,6,0,,,,0,1,0,Ya,1,2,,,0,0.666666667,0.333333333,0.333333333,1.333333333,3,1,3,0.666666667,,0
493,0,0,tidak,sangat kurang,Tidak,besar,memuaskan,Belum memuaskan,Ya,Ya,Ya,Ya,ya,7,7,8,7,0,,,,0,2,1,Ya,1,2,,,0,1,0.666666667,0.333333333,2.333333333,2.666666667,1,1.666666667,0,,0.333333333
494,,0,tidak,besar,Tidak,sangat kurang,memuaskan,Memuaskan,Kurang,Kurang,Kurang,Kurang,tidak,9,10,10,8,0,,,,0,2,1,Ya,0,2,,,0,0.333333333,0.666666667,0.666666667,2,2.666666667,1,1.666666667,0,,0.333333333
495,1,0,ya,besar,Tidak,besar,memuaskan,Memuaskan,Ya,Ya,Ya,Ya,ya,8,8,9,8,0,,,4200000,4200000,2,1,Ya,1,2,,,0,1,1,1,4,3,1,3.333333333,0.666666667,,1
496,1,0,ya,besar,Ya,besar,memuaskan,Belum memuaskan,Ya,Ya,Ya,Ya,ya,9,8,8,8,0,,2000,,2000,11,1,Ya,1,2,3750,70000,1,1,1,1,3.333333333,2.666666667,1,3,0.333333333,73750,0.333333333
497,,0,tidak,kurang,Tidak,kurang,memuaskan,Memuaskan,Ya,Ya,Ya,Ya,ya,9,9,9,8,0,,2000,,2000,3,0,Tidak,0,3,,,0,0.666666667,0.666666667,1,2.333333333,2.333333333,1,1.666666667,0.333333333,,0
498,0,0,,,Ya,tidak tahu,belum memuaskan,Belum memuaskan,Kurang,Kurang,Tidak Tahu,Ya,ya,7,7,8,7,0,,,,0,1,1,Tidak,1,2,5000,,0,1,1,0.666666667,3.333333333,2.333333333,0.666666667,1.333333333,0.333333333,,0.666666667
499,1,0,,,Tidak,kurang,memuaskan,Memuaskan,Ya,Ya,Ya,Ya,tidak,7,7,7,9,0,,5000,,5000,,0,Ya,1,2,500,,0,1,1,0.666666667,2.666666667,3,0,0,0,,0
500,0,1,tidak,kurang,Tidak,tidak tahu,memuaskan,Memuaskan,Ya,Tidak,Ya,Ya,ya,8,8,8,7,0,,,,0,,1,Tidak,1,3,23500,,0,1,1,0.333333333,2.666666667,2.666666667,1,2.333333333,0.333333333,,0.333333333
501,1,0,tidak,kurang,Tidak,tidak tahu,memuaskan,Belum memuaskan,Kurang,Kurang,Ya,Ya,ya,8,8,8,8,0,,1000,,1000,2,1,Tidak,1,2,12000,,0,1,0.666666667,0.666666667,2.333333333,3,0.666666667,1.666666667,0,,0
502,,1,ya,besar,Tidak,kurang,belum memuaskan,Belum memuaskan,Ya,Ya,Ya,Ya,ya,tidak tahu/tidak bisa menilai,tidak tahu/tidak bisa menilai,tidak tahu/tidak bisa menilai,tidak tahu/tidak bisa menilai,0,,1250,,1250,1,0,Ya,1,2,,,0,0.666666667,0,0,0.666666667,2.666666667,0.333333333,0.333333333,0.333333333,,0
503,,0,tidak,kurang,Ya,kurang,belum memuaskan,Belum memuaskan,Ya,Kurang,Ya,Ya,tidak,6,6,6,6,1,3,1500,,1500,5,1,Ya,0,2,,12000,1,0.666666667,1,1,3.333333333,3,0.333333333,0.333333333,1,,0.666666667
504,1,1,ya,besar,Tidak,sangat kurang,memuaskan,Belum memuaskan,Ya,Ya,Ya,Ya,ya,10,10,10,10,1,3,7000,,7000,1,1,Tidak,1,3,500,,0,1,1,1,4,2.333333333,0.666666667,0.666666667,1,,1
505,,0,ya,besar,Ya,besar,belum memuaskan,Belum memuaskan,Ya,Ya,Ya,Ya,ya,9,9,10,9,0,,,,0,1,0,Ya,0,2,5000,,0,1,0.333333333,0.666666667,2.333333333,2.666666667,0.333333333,0.666666667,0,,0.333333333
506,0,0,ya,besar,Tidak,sangat kurang,belum memuaskan,Belum memuaskan,Kurang,Kurang,Kurang,Kurang,ya,7,8,8,7,0,,,,0,1,1,Ya,0,2,8833.333333,,0,1,0,0.666666667,2,2.333333333,0.666666667,1.666666667,0.333333333,,0.333333333
507,,0,tidak,kurang,Tidak,kurang,memuaskan,Belum memuaskan,Tidak,Kurang,Ya,Ya,ya,9,9,8,7,1,3,,,0,2,1,Tidak,1,2,2900,,0,1,0,0.666666667,1.666666667,2.666666667,1,2,0,,0
508,,0,tidak,besar,Tidak,besar,memuaskan,Memuaskan,Ya,Ya,Ya,Ya,tidak,10,10,10,8,0,,,,0,2,1,Ya,1,2,20000,,0,0.666666667,0.333333333,0,1,2.666666667,1,1,0,,0
509,1,0,tidak,besar,Tidak,kurang,memuaskan,Belum memuaskan,Ya,Kurang,Ya,Ya,tidak,8,8,8,6,0,,,,0,2,1,Ya,1,3,,,0,0.333333333,0.333333333,1,2.333333333,3,1,2.666666667,1,,0.666666667
510,,1,tidak,kurang,Tidak,kurang,belum memuaskan,Belum memuaskan,Kurang,Ya,Ya,Ya,tidak,9,9,9,9,0,,,,0,,1,Tidak,1,2,,,0,1,0,1,2,2.666666667,1,2,0.666666667,,0
511,1,0,tidak,besar,Tidak,besar,memuaskan,Belum memuaskan,Ya,Ya,Ya,Ya,ya,9,9,9,9,0,,2032000,,2032000,2,0,Ya,1,3,5000,,0,1,1,1,4,3,1,1.666666667,1,,1
512,,1,tidak,kurang,Tidak,kurang,memuaskan,Memuaskan,Ya,Ya,Ya,Ya,tidak,9,9,10,9,0,,,,0,2,1,Ya,1,3,30000,,0,1,0,0,1,1,0,0,0.333333333,,0
513,0,0,tidak,besar,Tidak,sangat besar,belum memuaskan,Memuaskan,Ya,Ya,Ya,Ya,ya,9,8,8,8,0,,,,0,1,1,Ya,0,3,30000,,0,1,0,0,1,3,1,3,1,,0
514,1,1,tidak,besar,Tidak,besar,memuaskan,Memuaskan,Ya,Ya,Ya,Ya,tidak,6,6,6,6,0,,,,0,2,1,Tidak,1,2,,,0,1,0,0,1,1.666666667,0,0,0,,0
515,1,0,tidak,besar,Tidak,besar,memuaskan,Belum memuaskan,Ya,Ya,Kurang,Ya,ya,8,8,8,6,0,,,,0,1,1,Ya,1,3,,,0,0,0.333333333,0,0.333333333,2,0.666666667,1,0,,0
516,,0,tidak,besar,Tidak,kurang,belum memuaskan,Belum memuaskan,Ya,Kurang,Ya,Ya,ya,9,9,9,9,0,,,,0,1,1,Tidak,1,2,,,0,0,0,0,0,2.333333333,0.666666667,1,0,,0
517,1,0,tidak,besar,Tidak,besar,memuaskan,Belum memuaskan,,,,,tidak,8,9,7,8,0,,,,0,,0,Tidak,0,3,,,0,0.333333333,0.666666667,1,2.333333333,3,1,3,0.666666667,,0.333333333
518,0,0,tidak,besar,Tidak,besar,memuaskan,Memuaskan,Ya,Ya,Ya,Ya,ya,9,9,9,9,0,,,,0,1,0,Ya,1,3,,,0,0.666666667,0.666666667,0.333333333,1.666666667,2.333333333,1,2.333333333,0,,0
519,0,1,tidak,kurang,Tidak,kurang,memuaskan,Memuaskan,Ya,Ya,Ya,Ya,ya,8,8,8,7,0,,,,0,3,0,Tidak,1,4,,,0,0.333333333,0.333333333,0,0.666666667,3.666666667,1,2,0,,0
520,,0,tidak,kurang,Ya,besar,memuaskan,Memuaskan,Ya,Ya,Ya,Ya,tidak,7,7,8,7,0,,,,0,,0,Ya,1,2,,,0,0,0,0,0,1,0.333333333,0.666666667,0,,0
